:020000040800F2
:1000000000000120DD2C00083522000837220008FE
:10001000392200083B2200083D22000800000000B1
:100020000000000000000000000000003F22000867
:100030004122000800000000432200084522000879
:10004000252D0008252D0008252D0008252D000848
:10005000252D0008252D0008252D0008252D000838
:10006000252D0008252D0008252D0008252D000828
:10007000252D0008252D0008252D0008252D000818
:10008000252D0008252D0008252D0008252D000808
:10009000252D0008252D0008252D0008252D0008F8
:1000A0004D2200085D2200086D2200087D22000814
:1000B0008D2200089D220008AD220008252D000891
:1000C000252D0008252D0008252D0008252D0008C8
:1000D000BD220008CD220008DD220008252D0008E1
:1000E000252D0008252D0008252D0008ED220008EB
:1000F000252D0008252D0008252D0008252D000898
:10010000252D0008252D0008FD220008252D0008BA
:10011000252D0008252D00080D2300081D230008AB
:10012000252D0008252D0008252D0008252D000867
:1001300000000000000000000000000000000000BF
:1001400000000000000000000000000000000000AF
:10015000000000000000000000000000000000009F
:10016000000000000000000000000000000000008F
:10017000000000000000000000000000000000007F
:10018000000000000000000000000000000000006F
:10019000000000000000000000000000000000005F
:1001A000000000000000000000000000000000004F
:1001B000000000000000000000000000000000003F
:1001C000000000000000000000000000000000002F
:1001D000000000000000000000000000000000001F
:0401E0005FF8E0F1F3
:1001E80010B5054C237833B9044B13B10448AFF369
:1001F80000800123237010BDC00A00200000000009
:100208003417010808B5034B1BB103490348AFF382
:10021800008008BD00000000C40A0020341701084F
:1002280081F0004102E000BF83F0004330B54FEA9F
:1002380041044FEA430594EA050F08BF90EA020F0C
:100248001FBF54EA000C55EA020C7FEA645C7FEA9F
:10025800655C00F0E2804FEA5454D4EB5555B8BFC2
:100268006D420CDD2C4480EA020281EA030382EA33
:10027800000083EA010180EA020281EA0303362DC5
:1002880088BF30BD11F0004F4FEA01314FF4801C98
:100298004CEA113102D0404261EB410113F0004FAA
:1002A8004FEA03334CEA133302D0524263EB430361
:1002B80094EA050F00F0A780A4F10104D5F1200EFF
:1002C8000DDB02FA0EFC22FA05F2801841F100015A
:1002D80003FA0EF2801843FA05F359410EE0A5F12E
:1002E80020050EF1200E012A03FA0EFC28BF4CF05F
:1002F800020C43FA05F3C01851EBE37101F0004515
:1003080007D54FF0000EDCF1000C7EEB00006EEB21
:100318000101B1F5801F1BD3B1F5001F0CD34908AB
:100328005FEA30004FEA3C0C04F101044FEA445202
:1003380012F5800F80F09A80BCF1004F08BF5FEA89
:10034800500C50F1000041EB045141EA050130BD69
:100358005FEA4C0C404141EB0101013C28BFB1F57B
:10036800801FE9D291F0000F04BF01460020B1FAC6
:1003780081F308BF2033A3F10B03B3F120020CDA99
:100388000C3208DD02F1140CC2F10C0201FA0CF077
:1003980021FA02F10CE002F11402D8BFC2F1200CDC
:1003A80001FA02F120FA0CFCDCBF41EA0C01904092
:1003B800E41AA2BF01EB0451294330BD6FEA0404DB
:1003C8001F3C1CDA0C340EDC04F11404C4F12002C6
:1003D80020FA04F001FA02F340EA030021FA04F3D8
:1003E80045EA030130BDC4F10C04C4F1200220FA2F
:1003F80002F001FA04F340EA0300294630BD21FA6D
:1004080004F0294630BD94F0000F83F4801306BF32
:1004180081F480110134013D4EE77FEA645C18BF26
:100428007FEA655C29D094EA050F08BF90EA020FBD
:1004380005D054EA000C04BF1946104630BD91EAB5
:10044800030F1EBF0021002030BD5FEA545C05D1B8
:100458004000494128BF41F0004130BD14F58004F7
:100468003CBF01F5801130BD01F0004545F0FE416B
:1004780041F470014FF0000030BD7FEA645C1ABFA0
:10048800194610467FEA655C1CBF0B46024650EAD7
:10049800013406BF52EA033591EA030F41F4002103
:1004A80030BD00BF90F0000F04BF0021704730B589
:1004B8004FF4806404F132044FF000054FF000015E
:1004C80050E700BF90F0000F04BF0021704730B51F
:1004D8004FF4806404F1320410F0004548BF4042F4
:1004E8004FF000013EE700BF42004FEAE2014FEA49
:1004F80031014FEA02701FBF12F07F4393F07F4F24
:1005080081F06051704732F07F4208BF704793F026
:100518007F4F04BF41F40021704730B54FF4607439
:1005280001F0004521F000411CE700BF50EA01023C
:1005380008BF704730B54FF000050AE050EA0102E5
:1005480008BF704730B511F0004502D5404261EB55
:1005580041014FF4806404F132045FEA915C3FF496
:10056800D8AE4FF003025FEADC0C18BF03325FEA33
:10057800DC0C18BF033202EBDC02C2F1200300FAE4
:1005880003FC20FA02F001FA03FE40EA0E0021FA09
:1005980002F11444BDE600BF70B54FF0FF0C4CF4F7
:1005A800E06C1CEA11541DBF1CEA135594EA0C0FA9
:1005B80095EA0C0F00F0DEF82C4481EA030621EAE4
:1005C8004C5123EA4C5350EA013518BF52EA03351F
:1005D80041F4801143F4801338D0A0FB02CE4FF0D1
:1005E8000005E1FB02E506F00042E0FB03E54FF001
:1005F8000006E1FB03569CF0000F18BF4EF0010EF9
:10060800A4F1FF04B6F5007F64F5407404D25FEAF4
:100618004E0E6D4146EB060642EAC62141EA5551A7
:100628004FEAC52040EA5E504FEACE2EB4F1FD0CE9
:1006380088BFBCF5E06F1ED8BEF1004F08BF5FEA67
:10064800500E50F1000041EB045170BD06F0004619
:1006580046EA010140EA020081EA0301B4EB5C04C6
:10066800C2BFD4EB0C0541EA045170BD41F48011BE
:100678004FF0000E013C00F3AB8014F1360FDEBFE3
:10068800002001F0004170BDC4F10004203C35DABF
:100698000C341BDC04F11404C4F1200500FA05F342
:1006A80020FA04F001FA05F240EA020001F00042E3
:1006B80021F0004110EBD37021FA04F642EB060159
:1006C8005EEA430E08BF20EAD37070BDC4F10C0483
:1006D800C4F1200500FA04F320FA05F001FA04F247
:1006E80040EA020001F0004110EBD37041F1000133
:1006F8005EEA430E08BF20EAD37070BDC4F120053E
:1007080000FA05F24EEA020E20FA04F301FA05F2A5
:1007180043EA020321FA04F001F0004121FA04F24D
:1007280020EA020000EBD3705EEA430E08BF20EA1D
:10073800D37070BD94F0000F0FD101F00046400057
:1007480041EB010111F4801F08BF013CF7D041EAD9
:10075800060195F0000F18BF704703F000465200DD
:1007680043EB030313F4801F08BF013DF7D043EAAE
:100778000603704794EA0C0F0CEA135518BF95EA64
:100788000C0F0CD050EA410618BF52EA4306D1D1EB
:1007980081EA030101F000414FF0000070BD50EA0A
:1007A800410606BF1046194652EA430619D094EA94
:1007B8000C0F02D150EA013613D195EA0C0F05D17E
:1007C80052EA03361CBF104619460AD181EA0301D2
:1007D80001F0004141F0FE4141F470014FF000008A
:1007E80070BD41F0FE4141F4780170BD70B54FF025
:1007F800FF0C4CF4E06C1CEA11541DBF1CEA1355A5
:1008080094EA0C0F95EA0C0F00F0A7F8A4EB050486
:1008180081EA030E52EA03354FEA013100F088807D
:100828004FEA03334FF0805545EA131343EA126346
:100838004FEA022245EA111545EA10654FEA0026FB
:100848000EF000419D4208BF964244F1FD0404F5B4
:10085800407402D25B084FEA3202B61A65EB030510
:100868005B084FEA32024FF480104FF4002CB6EBCD
:10087800020E75EB030E22BFB61A754640EA0C004D
:100888005B084FEA3202B6EB020E75EB030E22BF8D
:10089800B61A754640EA5C005B084FEA3202B6EBCE
:1008A800020E75EB030E22BFB61A754640EA9C008D
:1008B8005B084FEA3202B6EB020E75EB030E22BF5D
:1008C800B61A754640EADC0055EA060E18D04FEA1B
:1008D800051545EA16754FEA06164FEAC30343EABB
:1008E80052734FEAC2025FEA1C1CC0D111F4801F88
:1008F8000BD141EA00014FF000004FF0004CB6E781
:1009080011F4801F04BF01430020B4F1FD0C88BF1F
:10091800BCF5E06F3FF6AFAEB5EB030C04BFB6EB2A
:10092800020C5FEA500C50F1000041EB045170BD1D
:100938000EF0004E4EEA113114EB5C04C2BFD4EB4A
:100948000C0541EA045170BD41F480114FF0000ECE
:10095800013C90E645EA060E8DE60CEA135594EA4A
:100968000C0F08BF95EA0C0F3FF43BAF94EA0C0F4D
:100978000AD150EA01347FF434AF95EA0C0F7FF4C2
:1009880025AF104619462CE795EA0C0F06D152EA16
:1009980003353FF4FDAE1046194622E750EA4106FA
:1009A80018BF52EA43067FF4C5AE50EA41047FF40B
:1009B8000DAF52EA43057FF4EBAE12E74FF0FF3C70
:1009C80006E000BF4FF0010C02E000BF4FF0010C41
:1009D8004DF804CD4FEA410C7FEA6C5C4FEA430CBA
:1009E80018BF7FEA6C5C1BD001B050EA410C0CBF09
:1009F80052EA430C91EA030F02BF90EA020F00206B
:100A0800704710F1000F91EA030F58BF994208BFD1
:100A180090422CBFD8176FEAE37040F0010070478E
:100A28004FEA410C7FEA6C5C02D150EA013C07D1E5
:100A38004FEA430C7FEA6C5CD6D152EA033CD3D030
:100A48005DF8040B704700BF8446104662468C462A
:100A58001946634600E000BF01B5FFF7B7FF00285D
:100A680048BF10F1000F01BD4DF808EDFFF7F4FF86
:100A78000CBF012000205DF808FB00BF4DF808ED11
:100A8800FFF7EAFF34BF012000205DF808FB00BF34
:100A98004DF808EDFFF7E0FF94BF012000205DF856
:100AA80008FB00BF4DF808EDFFF7CEFF94BF01200B
:100AB80000205DF808FB00BF4DF808EDFFF7C4FF04
:100AC80034BF012000205DF808FB00BF4FEA410257
:100AD80012F5001215D211D56FF47873B3EB625288
:100AE80012D94FEAC12343F0004343EA505311F0AF
:100AF800004F23FA02F018BF404270474FF0000041
:100B0800704750EA013005D111F0004008BF6FF07E
:100B1800004070474FF00000704700BF4FEA4102A5
:100B2800B2F1E04324BFB3F5001CDCF1FE5C0DD943
:100B380001F0004C4FEAC0024CEA5070B2F1004F8D
:100B480040EB830008BF20F00100704711F0804F90
:100B580021D113F13872BCBF01F00040704741F455
:100B680080114FEA5252C2F11802C2F1200C10FA59
:100B78000CF320FA02F018BF40F001004FEAC1233D
:100B88004FEAD32303FA0CFC40EA0C0023FA02F3E1
:100B98004FEA4303CCE77FEA625307D150EA0133B7
:100BA8001EBF4FF0FE4040F44000704701F0004087
:100BB80040F0FE4040F40000704700BF80F0004065
:100BC80002E000BF81F0004142001FBF5FEA41031D
:100BD80092EA030F7FEA226C7FEA236C6AD04FEA1D
:100BE8001262D2EB1363C1BFD21841404840414062
:100BF800B8BF5B42192B88BF704710F0004F40F414
:100C0800000020F07F4018BF404211F0004F41F42F
:100C1800000121F07F4118BF494292EA030F3FD0FB
:100C2800A2F1010241FA03FC10EB0C00C3F120030E
:100C380001FA03F100F0004302D5494260EB40009D
:100C4800B0F5000F13D3B0F1807F06D340084FEA08
:100C5800310102F10102FE2A51D2B1F1004F40EBFD
:100C6800C25008BF20F0010040EA03007047490065
:100C780040EB0000013A28BFB0F5000FEDD2B0FA02
:100C880080FCACF1080CB2EB0C0200FA0CF0AABF25
:100C980000EBC25052421843BCBFD04018437047C3
:100CA80092F0000F81F4000106BF80F400000132C9
:100CB800013BB5E74FEA41037FEA226C18BF7FEAA0
:100CC800236C21D092EA030F04D092F0000F08BFE2
:100CD8000846704790EA010F1CBF0020704712F0C9
:100CE8007F4F04D1400028BF40F00040704712F108
:100CF80000723CBF00F50000704700F0004343F06D
:100D0800FE4040F4000070477FEA226216BF0846A2
:100D18007FEA23630146420206BF5FEA412390EA65
:100D2800010F40F4800070474FF0000304E000BF5B
:100D380010F0004348BF40425FEA000C08BF70470C
:100D480043F0964301464FF000001CE050EA0102D0
:100D580008BF70474FF000030AE000BF50EA0102E5
:100D680008BF704711F0004302D5404261EB4101D2
:100D78005FEA010C02BF84460146002043F0B643F7
:100D880008BFA3F18053A3F50003BCFA8CF2083A1C
:100D9800A3EBC25310DB01FA02FC634400FA02FC25
:100DA800C2F12002BCF1004F20FA02F243EB02002C
:100DB80008BF20F00100704702F1200201FA02FC8E
:100DC800C2F1200250EA4C0021FA02F243EB020081
:100DD80008BF20EADC7070474FF0FF0C1CEAD052C5
:100DE8001EBF1CEAD15392EA0C0F93EA0C0F6FD086
:100DF8001A4480EA010C400218BF5FEA41211ED064
:100E08004FF0006343EA501043EA5111A0FB01314F
:100E18000CF00040B1F5000F3EBF490041EAD37124
:100E28005B0040EA010062F17F02FD2A1DD8B3F1A0
:100E3800004F40EBC25008BF20F00100704790F00F
:100E4800000F0CF0004C08BF49024CEA502040EA61
:100E580051207F3AC2BFD2F1FF0340EAC250704727
:100E680040F400004FF00003013A5DDC12F1190F65
:100E7800DCBF00F000407047C2F10002410021FAD7
:100E880002F1C2F1200200FA02FC5FEA310040F1EF
:100E9800000053EA4C0308BF20EADC70704792F068
:100EA800000F00F0004C02BF400010F4000F013AA0
:100EB800F9D040EA0C0093F0000F01F0004C02BF9B
:100EC800490011F4000F013BF9D041EA0C018FE70A
:100ED8000CEAD15392EA0C0F18BF93EA0C0F0AD010
:100EE80030F0004C18BF31F0004CD8D180EA010036
:100EF80000F00040704790F0000F17BF90F0004FCF
:100F0800084691F0000F91F0004F14D092EA0C0FB0
:100F180001D142020FD193EA0C0F03D14B0218BF43
:100F2800084608D180EA010000F0004040F0FE4089
:100F380040F40000704740F0FE4040F44000704725
:100F48004FF0FF0C1CEAD0521EBF1CEAD15392EAA4
:100F58000C0F93EA0C0F69D0A2EB030280EA010C94
:100F680049024FEA402037D04FF0805343EA11112D
:100F780043EA10130CF000408B4238BF5B0042F18B
:100F88007D024FF4000C8B4224BF5B1A40EA0C0030
:100F9800B3EB510F24BFA3EB510340EA5C00B3EB62
:100FA800910F24BFA3EB910340EA9C00B3EBD10F50
:100FB80024BFA3EBD10340EADC001B0118BF5FEAA2
:100FC8001C1CE0D1FD2A3FF650AF8B4240EBC250CB
:100FD80008BF20F0010070470CF0004C4CEA50208C
:100FE8007F32C2BFD2F1FF0340EAC250704740F4DB
:100FF80000004FF00003013A37E792F0000F00F0CD
:10100800004C02BF400010F4000F013AF9D040EA4A
:101018000C0093F0000F01F0004C02BF490011F4DE
:10102800000F013BF9D041EA0C0195E70CEAD153D6
:1010380092EA0C0F08D142027FF47DAF93EA0C0FBD
:101048007FF470AF084676E793EA0C0F04D14B02A1
:101058003FF44CAF08466EE730F0004C18BF31F053
:10106800004CCAD130F000427FF45CAF31F000434D
:101078007FF43CAF5FE700BF4FF0FF3C06E000BFE6
:101088004FF0010C02E000BF4FF0010C4DF804CD09
:101098004FEA40024FEA41037FEA226C18BF7FEA19
:1010A800236C11D001B052EA530C18BF90EA010F1B
:1010B80058BFB2EB030088BFC81738BF6FEAE170AA
:1010C80018BF40F0010070477FEA226C02D15FEA46
:1010D800402C05D17FEA236CE4D15FEA412CE1D0B2
:1010E8005DF8040B704700BF844608466146FFE779
:1010F8000FB5FFF7C9FF002848BF10F1000F0FBD5B
:101108004DF808EDFFF7F4FF0CBF012000205DF853
:1011180008FB00BF4DF808EDFFF7EAFF34BF0120D8
:1011280000205DF808FB00BF4DF808EDFFF7E0FF71
:1011380094BF012000205DF808FB00BF4DF808EDC2
:10114800FFF7D2FF94BF012000205DF808FB00BF25
:101158004DF808EDFFF7C8FF34BF012000205DF807
:1011680008FB00BF4FEA4002B2F1FE4F0FD34FF029
:101178009E03B3EB12620DD94FEA002343F00043FC
:1011880010F0004F23FA02F018BF404270474FF0AA
:101198000000704712F1610F01D1420205D110F031
:1011A800004008BF6FF0004070474FF000007047E4
:1011B80042000ED2B2F1FE4F0BD34FF09E03B3EBB9
:1011C800126209D44FEA002343F0004323FA02F0E5
:1011D80070474FF00000704712F1610F01D14202D1
:1011E80002D14FF0FF3070474FF00000704700BF4A
:1011F8007BB972B90029BEBF00204FF0004106E05C
:1012080008BF00281CBF6FF000414FF0FF3000F00E
:10121800A9B9ADF1080C6DE904CE002909DB002B52
:101228001ADB00F035F8DDF804E0DDE9022304B04C
:101238007047404261EB4101002B1BDB00F028F8AE
:10124800DDF804E0DDE9022304B0404261EB41012E
:10125800524263EB43037047524263EB430300F08F
:1012680017F8DDF804E0DDE9022304B0404261EB41
:1012780041017047524263EB430300F009F8DDF87F
:1012880004E0DDE9022304B0524263EB43037047F4
:101298002DE9F047089E0D4604468846002B4DD19F
:1012A8008A42944668D9B2FA82F252B101FA02F33C
:1012B800C2F1200120FA01F10CFA02FC41EA03080C
:1012C80094404FEA1C41B8FBF1F71FFA8CFE01FB72
:1012D800178807FB0EF0230C43EA084398420AD903
:1012E8001CEB030307F1FF3580F01E81984240F2A2
:1012F8001B81023F63441B1AB3FBF1F001FB10335F
:1013080000FB0EFEA4B244EA0344A6450AD91CEB2E
:10131800040400F1FF3380F00981A64540F20681FC
:10132800644402380021A4EB0E0440EA07401EB1D1
:101338000023D440C6E90043BDE8F0878B4208D9B2
:10134800002E00F0EE800021C6E900050846BDE841
:10135800F087B3FA83F100294AD1AB4202D3824223
:1013680000F2FC80841A65EB030301209846002EE6
:10137800E2D0C6E90048DFE702B9FFDEB2FA82F23E
:10138800002A40F09180A1EB0C0001214FEA1C4794
:101398001FFA8CFEB0FBF7F307FB1300250C45EA98
:1013A80000450EFB03F0A84208D91CEB050503F124
:1013B800FF3802D2A84200F2CE8043462D1AB5FB70
:1013C800F7F007FB10550EFB00FEA4B244EA0544F3
:1013D800A64508D91CEB040400F1FF3502D2A64546
:1013E80000F2B6802846A4EB0E0440EA03409EE7CC
:1013F800C1F120078B4022FA07FC4CEA030C25FABE
:1014080007FA4FEA1C49BAFBF9F820FA07F309FB77
:1014180018AA8D401FFA8CFE1D4300FA01F308FB41
:101428000EF02C0C44EA0A44A04202FA01F20BD94D
:101438001CEB040408F1FF3A80F08880A04240F2D7
:101448008580A8F102086444241AB4FBF9F009FB6A
:10145800104400FB0EFEADB245EA0444A64508D987
:101468001CEB040400F1FF356CD2A6456AD902389A
:10147800644440EA0840A0FB0295A4EB0E04AC4289
:10148800C846AE4656D353D0002E69D0B3EB0802F7
:1014980064EB0E0422FA01F304FA07F71F43CC4069
:1014A800C6E90074002147E70CFA02FCC2F12001EA
:1014B80025FA01F34FEA1C4720FA01F195400D4344
:1014C800B3FBF7F107FB11331FFA8CFE280C40EA37
:1014D800034001FB0EF3834204FA02F408D91CEB23
:1014E800000001F1FF382FD283422DD90239604420
:1014F800C01AB0FBF7F307FB1300ADB245EA00458D
:1015080003FB0EF0A84208D91CEB050503F1FF38D0
:1015180016D2A84214D9023B6544281A43EA01416D
:1015280038E73146304607E72F46E4E61846F9E63D
:101538004B45A9D2B9EB020865EB0C0E0138A3E7BD
:101548004346EAE7284694E74146D1E7D0467BE799
:101558006444023847E7023B65442FE7084606E73C
:101568003146E9E6704700BF844641EA000313F0BC
:10157800030349D1403A23D30B6803604B684360A7
:101588008B688360CB68C3600B6903614B694361F7
:101598008B698361CB69C3610B6A03624B6A4362DF
:1015A8008B6A8362CB6AC3620B6B03634B6B4363C7
:1015B8008B6B8363CB6BC36340304031403ADBD2E3
:1015C80030320BD30B6803604B6843608B688360D1
:1015D800CB68C36010301031103AF3D20C3205D307
:1015E80051F8043B40F8043B043AF9D2043208D0DD
:1015F800D2071CBF11F8013B00F8013B01D30B884F
:1016080003806046704700BF082A13D38B07B1D008
:1016180010F00303AED0C3F10403D21ADB071CBFDA
:1016280011F8013B00F8013BA4D331F8023B20F844
:10163800023B9FE7043AD9D3013A11F8013B00F87D
:10164800013BF9D20B7803704B7843708B78837029
:101658006046704780EA010C1CF0030F37D110F088
:10166800030C20F0030021F0030150F8042B08BFFD
:1016780051F8043B0ED08CF0030C6FF07F434FEA17
:10168800CC0C23FA0CFC51F8043B42EA0C0243EA66
:101698000C0300BFA2F1013C9A4201BF2CEA020CE4
:1016A8001CF0803F50F8042B51F8043BF2D04FEA6D
:1016B80002604FEA1222012828BFB0EB036F08BF6F
:1016C8001B0AF4D003F0FF03000EC01A704710F095
:1016D800030F0AD010F8012B11F8013B012A28BF8B
:1016E8009A42F4D0A2EB030070474DF8045D50F81D
:1016F800042B01F0030521F0030151F8043B022DEE
:1017080026D04DD822F07F45B5EB132FA2F1013C2E
:101718002CEA020C0DD11CF0803C08BF51F8043BA8
:101728000AD185EA0205B5EB036F0CD150F8042BFA
:10173800E8E74FEA13235BE03CF07F4C54D10B7889
:101748004FEA126554E04FEA126503F0FF034FE0D9
:101758004FEA0245A2F1013C4FEA15452CEA020C7A
:10176800B5EB134F18D11CF0803C08BF51F8043B6F
:1017780007D185EA0205B5EB034F09D150F8042BD0
:10178800E6E75FEA0C4C2FD10B884FEA12452FE0B1
:101798004FEA03434FEA12454FEA134328E000BFDC
:1017A80002F0FF05B5EB136FA2F1013C2CEA020C25
:1017B8000DD11CF0803C08BF51F8043B0AD185EAE2
:1017C8000205B5EB032F0AD150F8042BE8E74FEADE
:1017D80013630DE012F0FF0F06D051F8043B4FEAF7
:1017E800122523F07F4303E04FF0000020BC704730
:1017F80005F0FF0203F0FF00012828BF904204BF54
:101808002D0A1B0AF4D0A2EB000020BC704700BFD1
:101818004FEA410C7FEA6C5C02D150EA013C0AD1E4
:101828004FEA430C7FEA6C5C02D152EA033C02D1D6
:101838004FF0000070474FF00100704753B94AB9A4
:10184800002908BF00281CBF4FF0FF314FF0FF30C0
:10185800FFF788BEADF1080C6DE904CEFFF718FD5F
:10186800DDF804E0DDE9022304B07047F0B58BB081
:1018780000240694079408940994364B9A6942F018
:1018880004029A619A6902F004020092009A9A6925
:1018980042F040029A619A6902F040020192019A6C
:1018A8009A6942F008029A619A6902F00802029263
:1018B800029A9A6942F020029A619A6902F020021B
:1018C8000392039A9A6942F480729A619A6902F4BF
:1018D80080720492049A9A6942F010029A619B6994
:1018E80003F010030593059B1B4E22464FF46851E5
:1018F800304601F0D9FC194D01223021284601F06B
:10190800D3FC4FF4807306930794089406A93046D5
:1019180001F0AAFB4FF46853069301270797089430
:101928000223099306A9304601F09EFB3023069353
:10193800079708940323099306A9284601F094FB06
:10194800402306930794089406A9284601F08CFBC7
:101958000BB0F0BD0010024000140140002001400F
:1019680008B50B480B4B03600B4B436000238360A7
:10197800C3604FF48042026143618361C3610362C3
:1019880001F022FF00B908BD00F000FAFBE700BF34
:10199800DC0A002000540040A086010010B586B083
:1019A800002302930393049305930268154B9A420C
:1019B80001D006B010BD144CA36943F00803A3611D
:1019C800A36903F008030093009B4FF4407302934C
:1019D800122303930323059302A90C4801F044FB47
:1019E8000B4A536843F0E06343F002035360E36932
:1019F80043F40013E361E36903F400130193019BCB
:101A0800D7E700BF0054004000100240000C01401E
:101A180000000140F8B502682A4B1B689A4200D0C2
:101A2800F8BD06F07BFC284F388006F07FFC274E77
:101A3800308006F083FC264D288006F087FC254C74
:101A4800208006F0A3FC244AB7F900001368516807
:101A58001B1841EBE07113605160204AB6F9000091
:101A6800136851681B1841EBE071136051601C4A00
:101A7800B5F90000136851681B1841EBE071136059
:101A88005160184AB4F90000136851681B1841EBFB
:101A9800E0711360516006F011FA134B1868FEF7F5
:101AA80023FD02460B46114C1149204607F054F914
:101AB800204607F0F7F9642382B221460D4803F067
:101AC8004DFCADE7F40E002040110020421100202B
:101AD8004411002046110020201100202811002068
:101AE8003011002038110020D40C0020900B002069
:101AF800E0170108CC0F002038B50268824B9A42E3
:101B080000D038BD0446814D284607F0CBF9C0F116
:101B18007F027F49284607F0F3F90A21284607F093
:101B28003DF9D8B17B49284607F09EF900232B548C
:101B380002227949284607F011FA50B9284607F0D9
:101B4800B1F9022805D9033874492844FFF782FD02
:101B580050B1802200216D4807F042F801226C49FB
:101B6800204603F044FECCE76D49284607F034FAD6
:101B78004FF0FF3510E006F0D1FF6A4B18606A4A53
:101B8800136851681B1841EBE0711360516001350F
:101B98006349002007F020FA0028DAD0152DD8DC98
:101BA800152DF4D801A353F825F000BF7F1B0008BA
:101BB8000D1C0008271C0008411C00085B1C0008BD
:101BC800651C00086F1C0008791C0008831C0008AD
:101BD8008D1C0008971C0008A11C0008AB1C0008FD
:101BE800B51C0008BF1C0008C91C0008D31C00084D
:101BF800DD1C0008E71C0008F11C0008FB1C00089D
:101C0800051D000806F08AFF484B1860484A13680B
:101C180051681B1841EBE07113605160B7E706F09B
:101C28007DFF444B1860444A136851681B1841EB08
:101C3800E07113605160AAE706F070FF3F4B18602F
:101C48003F4A136851681B1841EBE07113605160FB
:101C58009DE706F063FF3B4B186098E706F05EFFD0
:101C6800394B186093E706F059FF384B18608EE738
:101C780006F054FF364B186089E706F04FFF354BE6
:101C8800186084E706F04AFF334B18607FE706F0D8
:101C980045FF324B18607AE706F040FF304B18607A
:101CA80075E706F03BFF2F4B186070E706F036FF2C
:101CB8002D4B18606BE706F031FF2C4B186066E778
:101CC80006F02CFF2A4B186061E706F027FF294B26
:101CD80018605CE706F022FF274B186057E706F00C
:101CE8001DFF264B186052E706F018FF244B1860BA
:101CF8004DE706F013FF234B186048E706F00EFF88
:101D0800214B186043E700BF00380140440C002015
:101D1800100C00206C180108E8170108EC170108DE
:101D2800F01701088C0B0020300B0020840B0020DA
:101D3800380B0020540B0020400B0020500B0020D3
:101D4800480B0020680B0020700B0020780B002047
:101D5800800B0020880B00207C0B00206C0B0020DF
:101D6800740B0020640B0020600B0020580B00202F
:101D78005C0B0020300C0020340C0020380C0020B4
:101D88003C0C0020CC0C0020D00C002072B6FEE7E2
:101D980000B591B02822002106A806F021FF0023F3
:101DA80001930293039304930593012206924FF43F
:101DB800803307930A9202220D920E934FF4E01398
:101DC8000F9306A802F04AF880B90F230193022165
:101DD8000291002303934FF480620492059301A8B3
:101DE80002F06EFA20B911B05DF804FBFFF7CEFFE0
:101DF800FFF7CCFF80B582B000F0B8FFFFF7C8FF4F
:101E0800FFF734FD00F0A8FD00F036FE00F0EAFA16
:101E180000F01AFB00F04AFB00F07AFB00F0A0FB90
:101E280000F0C4FB00F09CFE00F0B4FE00F024F9C2
:101E380000F044F9FFF794FD01226649664803F073
:101E4800D6FC664802F0C2FC654802F0BFFC654F4C
:101E5800384602F0BBFC644E304602F0B7FC634DD6
:101E6800284602F0B3FC624802F0B0FC614802F078
:101E7800ADFC614C204602F0A9FC3C21384603F039
:101E880081F83C21304603F07DF83C21284603F0D8
:101E980079F83C21204603F075F805F0DBFF06F0E1
:101EA8008DFD002006F0E2FB002006F0EFFB05F0B8
:101EB80081F8002840F083800123009310234F4AC3
:101EC8000021084606F000FD06F006FC4FF4FA7003
:101ED80000F070FF012300931023494A14210020C9
:101EE80006F0F2FC06F0F8FB4FF4FA7000F062FF1F
:101EF80006F028FC434A4449444805F0ADF8444BF1
:101F0800B3F900300093434BB3F90030424AB2F9B9
:101F180000204249B1F90010012006F0BFFD404BF6
:101F2800186806F01BFA01463E4B1B683E4A1268C9
:101F38003E4806F099FA3E4B18603E4B186806F08A
:101F48000DFA01463C4B1B683C4A12683C4806F0B7
:101F58008BFA3C4B18603C4B186806F0FFF90146B9
:101F68003A4B1B683A4A12683A4806F07DFA3A4BEF
:101F780018603A4B186806F0F1F90146384B1B68AF
:101F8800384A1268384806F06FFA384B1860384BF0
:101F98001B68012BAED106F051F91D4BB3F9003087
:101FA80000931C4BB3F900301B4AB2F900201B49BF
:101FB800B1F900104FF0FF3006F070FDEBE7012398
:101FC800009310232B4A0021084606F07DFC06F0FA
:101FD80083FB7BE7C80C0020CC0F00208C0D002071
:101FE800D40D00201C0E0020640E0020AC0E002032
:101FF800F40E00203C0F0020840F0020F417010885
:1020080010180108D40C0020C40C0020400C00203B
:1020180046110020441100204211002040110020E8
:1020280020110020680B0020300B0020C400002085
:102038001011002028110020700B0020380B002000
:10204800D80000201411002030110020780B002047
:10205800400B0020EC00002018110020381100204F
:10206800800B0020480B0020000100201C110020DC
:10207800880B00200418010808B50E480E4B0360B1
:102088004FF48273436000238360C360036143613C
:102098004FF4007282611822C26103624362836254
:1020A8000A23C36202F0E8F900B908BDFFF76EFE23
:1020B800FBE700BFD80C00200030014008B50E48EF
:1020C8000E4B03604FF48273436000238360C36048
:1020D800036143614FF4007282611822C261036296
:1020E800436283620A23C36202F0C6F900B908BDDD
:1020F800FFF74CFEFBE700BF300D00200038004022
:1021080030B589B0002304930593069307930368B9
:10211800304A934204D0304A934229D009B030BDA6
:102128002E4B9A6942F480529A619A6902F480525D
:102138000092009A9A6942F004029A619B6903F03E
:1021480004030193019BA023049302230593032313
:102158000793234C04A9204600F086FF40230493EC
:1021680000230593069304A9204600F07DFFD5E7D8
:102178001A4BDA6942F48042DA61DA6902F4804281
:102188000292029A9A6942F008029A619B6903F0E6
:1021980008030393039B4FF42043049302230593FE
:1021A800032307930F4D04A9284600F05DFF4FF461
:1021B8008043049300240594069404A9284600F05B
:1021C80053FF22462146242000F01AFE242000F066
:1021D8004FFEA3E7003001400038004000100240E5
:1021E80000080140000C014082B00E4B9A6942F091
:1021F80001029A619A6902F001020092009ADA6972
:1022080042F08052DA61DB6903F080530193019B4D
:10221800054A536823F0E06343F00073536002B04B
:10222800704700BF0010024000000140FEE7FEE7D3
:10223800FEE7FEE7FEE770477047704708B500F015
:10224800A7FD08BD08B5024802F001FB08BD00BFA4
:102258008C0D002008B5024802F0F9FA08BD00BF4D
:102268008C0D002008B5024802F0F1FA08BD00BF45
:102278008C0D002008B5024802F0E9FA08BD00BF3D
:102288008C0D002008B5024802F0E1FA08BD00BF35
:10229800D40D002008B5024802F0D9FA08BD00BFE5
:1022A8001C0E002008B5024802F0D1FA08BD00BF94
:1022B800640E002008B5024802F03AF908BD00BFD4
:1022C800300D002008B5024803F032F908BD00BF00
:1022D800CC0F002008B5024803F02AF908BD00BF5A
:1022E8001410002008B5024802F0B1FA08BD00BF7A
:1022F800840F002008B5024802F0A9FA08BD00BF03
:10230800AC0E002008B5024802F0A1FA08BD00BFD3
:10231800F40E002008B5024802F099FA08BD00BF83
:102328003C0F00200120704708B506F0FBFB162380
:1023380003604FF0FF3008BD08B54FF0FF31FFF7DD
:10234800F3FFFEE770B50C461646002506E0AFF32E
:102358000080214601F8010B01350C46B542F6DB39
:10236800304670BD70B50C461646002504E014F8DA
:10237800010BAFF300800135B542F8DB304670BD84
:102388004FF0FF3070474FF400534B600020704708
:10239800012070470020704710B503460C4A0D49CC
:1023A8000D48006840B10C4800680344521A934233
:1023B80006D8094A136010BD0748084C0460F2E7C4
:1023C80006F0B0FB0C2303604FF0FF30F3E700BFCB
:1023D8000000012000040000880D002010160020D5
:1023E8007047000000B58DB02422002103A806F034
:1023F800F7FB0023019302931148124A02604360DD
:10240800836040F2CF72C260036183610323039348
:1024180001230593099303A902F07AFB50B900231D
:102428000193029301A9064802F012FE28B90DB0E3
:102438005DF804FBFFF7AAFCF1E7FFF7A7FCF6E756
:102448001C0E00200004004000B58DB0242200219D
:1024580003A806F0C5FB0023019302931148124A12
:1024680002604360836040F2CF72C260036183619F
:102478000323039301230593099303A902F048FB5F
:1024880050B900230193029301A9064802F0E0FD28
:1024980028B90DB05DF804FBFFF778FCF1E7FFF70A
:1024A80075FCF6E7640E00200008004000B58DB00A
:1024B8002422002103A806F093FB00230193029332
:1024C8001148124A02604360836040F2CF72C260D2
:1024D800036183610323039301230593099303A9EC
:1024E80002F016FB50B900230193029301A9064894
:1024F80002F0AEFD28B90DB05DF804FBFFF746FC0D
:10250800F1E7FFF743FCF6E7AC0E0020000C0040B3
:1025180000B583B00023009301930F480F4A02606F
:1025280047224260836042F20F72C260836102F008
:1025380097FA50B90023009301936946064802F0C0
:1025480087FD28B903B05DF804FBFFF71FFCF1E72E
:10255800FFF71CFCF6E700BFF40E00200010004057
:1025680000B583B00023009301930E480E4A026021
:10257800436083604FF6FF72C260836102F070FAB5
:1025880050B90023009301936946064802F060FDA4
:1025980028B903B05DF804FBFFF7F8FBF1E7FFF794
:1025A800F5FBF6E73C0F00200014004000B58DB0A5
:1025B8002422002103A806F013FB002301930293B1
:1025C8001248134A02604360836040F2CF72C260CF
:1025D80003614361836103230393012305930993F3
:1025E80003A902F095FA50B900230193029301A9B7
:1025F800064802F02DFD28B90DB05DF804FBFFF781
:10260800C5FBF1E7FFF7C2FBF6E700BF840F002028
:102618000034014000B585B003683A4A93420BD0B4
:10262800B3F1804F33D0384A934244D0374A93426B
:1026380054D005B05DF804FB354B9A6942F400624A
:102648009A619B6903F400630093009B00220121B7
:10265800182000F0D5FB182000F00AFC0022012108
:10266800192000F0CDFB192000F002FC0022012106
:102678001A2000F0C5FB1A2000F0FAFB0022012105
:102688001B2000F0BDFB1B2000F0F2FBD1E703F597
:102698000433DA6942F00102DA61DB6903F001030D
:1026A8000193019B002201211C2000F0A9FB1C20A2
:1026B80000F0DEFBBDE7164BDA6942F01002DA6182
:1026C800DB6903F010030293029B002201213620EC
:1026D80000F096FB362000F0CBFBAAE70C4BDA693A
:1026E80042F02002DA61DB6903F020030393039BC5
:1026F80000220121372000F083FB372000F0B8FBCF
:1027080097E700BF002C0140001000400014004073
:102718000010024000B58DB00023089309930A9376
:102728000B9303684F4A93420BD04F4A934233D0DE
:102738004E4A934252D04E4A934271D00DB05DF842
:1027480004FB4C4BDA6942F00202DA61DA6902F002
:1027580002020092009A9A6942F008029A619B6903
:1027680003F008030193019B3023089308A942480A
:1027780000F07AFC414A536823F4406343F0E06375
:1027880043F400635360002201211D2000F038FB50
:102798001D2000F06DFBD1E7364BDA6942F00402E8
:1027A800DA61DA6902F004020292029A9A6942F046
:1027B80008029A619B6903F008030393039BC023F3
:1027C800089308A92C4800F04FFC002201211E2084
:1027D80000F016FB1E2000F04BFBAFE7254BDA6933
:1027E80042F00802DA61DA6902F008020492049AF7
:1027F8009A6942F004029A619B6903F00403059305
:10280800059B0323089308A91D4800F02DFC00220E
:102818000121322000F0F4FA322000F029FB8DE784
:10282800144B9A6942F400529A619A6902F4005270
:102838000692069A9A6942F010029A619B6903F01F
:1028480010030793079BC023089308A90D4800F0BD
:102858000BFC002201212B2000F0D2FA2B2000F0E3
:1028680007FB6BE70004004000080040000C004034
:102878000034014000100240000C014000000140FB
:10288800000801400010014010B588B000230493EF
:102898000593069307930368294A934204D0B3F13A
:1028A800804F1DD008B010BD264B9A6942F04002F7
:1028B8009A619B6903F040030193019B4FF4D44351
:1028C800049302230593079304A91F4800F0CCFB47
:1028D8001E4A536843F0E06343F0C0035360E1E7E6
:1028E80003F504339A6942F004029A619A6902F086
:1028F80004020292029A9A6942F008029A619B695C
:1029080003F008030393039B48F20C030493022487
:102918000594079404A90E4800F0A6FB0823049325
:102928000594079404A90B4800F09EFB074A5368D6
:1029380023F4407343F0E06343F480735360B1E7DA
:10294800002C014000100240001801400000014026
:1029580000080140000C014010B596B00024129404
:102968001394149415941094119409940A940B9444
:102978000C940D940E940F942022214601A806F081
:102988002FF93B483B4B036047234360846040F288
:10299800E733C36004614461846102F061F8002890
:1029A8004BD14FF48053129312A9314802F0BEF96B
:1029B800002845D12E4802F07FF8002843D1002393
:1029C8001093119310A92A4802F042FB00283DD128
:1029D8006023099300220A920B920C920D920E9298
:1029E8000F9209A9224802F027F9002831D10422C0
:1029F80009A91F4802F020F970BB082209A91C4840
:102A080002F01AF958BB0C2209A9194802F014F966
:102A180040BB0023019302930393049305934FF45F
:102A280000520692089301A9114802F04FFBE0B941
:102A38000F48FFF729FF16B010BDFFF7A7F9B0E759
:102A4800FFF7A4F9B6E7FFF7A1F9B8E7FFF79EF992
:102A5800BEE7FFF79BF9CAE7FFF798F9CDE7FFF75D
:102A680095F9D0E7FFF792F9D3E7FFF78FF9DFE79A
:102A78008C0D0020002C014000B58FB000230A9374
:102A88000B930C930D93089309930193029303936B
:102A9800049305930693079330484FF080420260F1
:102AA80047224260836040F2E732C260036183617B
:102AB80001F0D6FF002839D14FF480530A930AA9B0
:102AC800264802F033F9002833D1244801F0F4FFF6
:102AD800002831D100230893099308A91F4802F060
:102AE800B7FA60BB60230193002202920392059219
:102AF80001A91A4802F0A0F820BB04220DEB02013C
:102B0800164802F099F800BB082201A9134802F000
:102B180093F8E8B90C2201A9104802F08DF8D0B951
:102B28000E48FFF7B1FE0FB05DF804FBFFF72EF972
:102B3800C2E7FFF72BF9C8E7FFF728F9CAE7FFF75D
:102B480025F9CFE7FFF722F9D7E7FFF71FF9DBE70A
:102B5800FFF71CF9DEE7FFF719F9E1E7D40D0020CC
:102B680008B50A480A4B03604FF4E1334360002379
:102B78008360C36003610C2242618361C36102F018
:102B8800BDFB00B908BDFFF701F9FBE7CC0F00203A
:102B98000038014008B50A480A4B03604FF4E13396
:102BA800436000238360C36003610C224261836138
:102BB800C36102F0A3FB00B908BDFFF7E7F8FBE724
:102BC800141000200044004030B589B0002304935D
:102BD8000593069307930368384A934204D0384A0A
:102BE800934233D009B030BD364B9A6942F48042E3
:102BF8009A619A6902F480420092009A9A6942F0B6
:102C080004029A619B6903F004030193019B4FF44A
:102C18000073049302230593032307932A4D04A901
:102C2800284600F021FA4FF48063049300240594A9
:102C3800069404A9284600F017FA224621462520C2
:102C480000F0DEF8252000F013F9CBE71D4BDA6918
:102C580042F40032DA61DA6902F400320292029A2E
:102C68009A6942F020029A619B6903F0200303935A
:102C7800039B202304930223059303230793134DF7
:102C880004A9284600F0F0F9402304930024059491
:102C9800069404A9284600F0E7F90D4A536843F062
:102CA800E06343F00803536022462146262000F0E3
:102CB800A7F8262000F0DCF894E700BF00380140B0
:102CC8000044004000100240000801400014014088
:102CD80000000140FFF784FB0B480C490C4A002315
:102CE80002E0D458C4500433C4188C42F9D3094ABA
:102CF800094C002301E013600432A242FBD305F023
:102D080017FFFFF777F8704700000020C00A00207F
:102D1800F4430108C00A002010160020FEE7000056
:102D280010B504460E4B18784FF47A73B3FBF0F3E2
:102D38000C4A1068B0FBF3F000F0A8F868B90F2C43
:102D480001D901200AE0002221464FF0FF3000F0AF
:102D580057F8054B1C60002000E0012010BD00BFA3
:102D680004000020000000200800002008B5074AE1
:102D7800136843F010031360032000F02FF80F20AE
:102D8800FFF7CEFFFFF730FA002008BD0020024011
:102D9800034A1168034B1B780B441360704700BF4C
:102DA8005C10002004000020014B1868704700BF29
:102DB8005C10002038B50446FFF7F6FF0546B4F16D
:102DC800FF3F02D0044B1B781C44FFF7EDFF401B6C
:102DD800A042FAD338BD00BF04000020074AD368D8
:102DE80023F4E0631B041B0C000200F4E0600343BF
:102DF80043F0BF6343F40033D360704700ED00E055
:102E080000B5194BDB68C3F30223C3F1070CBCF10F
:102E1800040F28BF4FF0040C03F1040EBEF1060F97
:102E280018D9033B4FF0FF3E0EFA0CFC21EA0C01C7
:102E380099400EFA03F322EA0303194300280BDB37
:102E48000901C9B200F1604000F5614080F8001343
:102E58005DF804FB0023E5E700F00F000901C9B2A3
:102E6800024B1954F4E700BF00ED00E014ED00E058
:102E7800002807DB00F01F02400901239340024AA3
:102E880042F82030704700BF00E100E00138B0F19F
:102E9800807F0BD24FF0E0235861054AF02182F879
:102EA80023100020986107221A617047012070479B
:102EB80000ED00E090F82130DBB2022B06D00423AD
:102EC8008363002380F8203001207047026813686C
:102ED80023F00E0313600268136823F001031360E4
:102EE800036CC16B012202FA03F34B6080F82120C6
:102EF800002380F8203018467047000008B590F885
:102F08002130DBB2022B03D004238363012008BDE8
:102F18000268136823F00E0313600268136823F035
:102F28000103136003684C4A93424ED9783A93429E
:102F380024D01432934230D0143293422FD014321A
:102F480093422FD0143293422FD0143293422FD071
:102F5800143293422FD002F5627293422ED014326B
:102F680093422DD0143293422CD01432934202D083
:102F78004FF4803203E04FF4805200E00122374BD7
:102F88005A60012380F82130002380F82030436BF9
:102F9800002B5ED098470020B9E71022EFE74FF4E6
:102FA8008072ECE74FF48052E9E74FF48032E6E7AD
:102FB8004FF48012E3E74FF08072E0E70122DEE78A
:102FC8001022DCE74FF48072D9E7254A934224D0D7
:102FD8001432934225D01432934224D014329342AF
:102FE80024D01432934224D01432934224D0143281
:102FF800934224D002F56272934223D01432934252
:1030080022D01432934221D01432934202D04FF48A
:10301800803203E04FF4805200E00122114B5A60E5
:10302800AFE71022FAE74FF48072F7E74FF48052C7
:10303800F4E74FF48032F1E74FF48012EEE74FF0F7
:103048008072EBE70122E9E71022E7E74FF480728C
:10305800E4E700205BE700BF800002400004024074
:10306800080002400000024070B582B00024A44667
:10307800B0E0874DAA4210D007D9864DAA420CD09D
:1030880005F58035AA4208D013E0A5F58015AA42B7
:1030980003D005F57025AA4207D18A68002A62D0B4
:1030A800012A5BD04361082403E0A5F58015AA42F4
:1030B800F3D0BEF1FF0F58D80646BEF1FF0F56D821
:1030C8004FEA8C0233680F25954023EA050304FA7A
:1030D80002F2134333604B6813F0805F78D06E4B75
:1030E8009A6942F001029A619B6903F00103019316
:1030F800019B4FEA9C02951C684B53F825600CF025
:1031080003039D000F23AB4026EA0306644B984255
:1031180033D003F58063984200F0988003F580630C
:10312800984200F0958003F58063984200F0928001
:1031380003F58063984200F08F8003F5806398421E
:1031480019D006231AE0CC68B3E7CC680434B0E79A
:10315800CC680834ADE7CC680C34AAE703610824CE
:10316800A7E70024A5E70424A3E7061DA5E7ACF11B
:1031780008029200A6E7052300E00023AB40334392
:103188000232464D45F822304B6813F4801F65D053
:10319800444A936843EA0E0393604B6813F4001F94
:1031A80062D0404AD36843EA0E03D3604B6813F4F5
:1031B800003F5FD03B4A536843EA0E0353604B68B5
:1031C80013F4803F5CD0374A136843EA0E03136058
:1031D8000CF1010C0A6832FA0CF357D0012303FAF8
:1031E8000CF302EA030E33EA0202F1D14A68122A0A
:1031F8003FF63FAF122A3FF65CAF01A555F822F023
:10320800A33000084F310008593100086B3100081D
:10321800BB300008BB300008BB300008BB300008DA
:10322800BB300008BB300008BB300008BB300008CA
:10323800BB300008BB300008BB300008BB300008BA
:10324800BB300008533100085F310008012395E7BF
:10325800022393E7032391E704238FE7114A936836
:1032680023EA0E03936098E70E4AD36823EA0E0315
:10327800D3609BE70B4A536823EA0E0353609EE72B
:10328800084A136823EA0E031360A1E702B070BD71
:103298000000221000003110001002400000014020
:1032A80000080140000401400AB1016170470904A7
:1032B8000161704703685A6912F4806F01D10020D8
:1032C80070476FF480625A6100230363202280F8FC
:1032D8003D2080F83E30026C42F00402026480F81F
:1032E8003C30012070472DE9F04106460C46174650
:1032F80098463BE0FFF758FD069BC01A404502D8A8
:10330800B8F1000F32D1012D18D033689B6924EA37
:1033180003039BB2B3FA83F35B099F4226D10023D0
:103328003363202286F83D2086F83E30326C42F026
:103338002002326486F83C30012027E033685B695C
:1033480024EA03039BB2B3FA83F35B09E5E7336826
:103358005B6924EA030C1FFA8CFCBCFA8CFC4FEA6C
:103368005C1C674511D1B8F1FF3FC3D1C4F30745D1
:10337800012DECD033689B6924EA030C1FFA8CFCFE
:10338800BCFA8CFC4FEA5C1CEBE70020BDE8F0813E
:103398002DE9F84305460E469046994653E01A68CB
:1033A80042F400721A602B686FF480625A6100233D
:1033B8002B63202285F83D2085F83E302A6C42F0A8
:1033C80004022A6485F83C3001204AE0FFF7ECFC4F
:1033D800A0EB0900404502D8B8F1000F33D1012F06
:1033E80017D02B689B6926EA03039BB2003B18BFE2
:1033F800012343B300232B63202285F83D2085F861
:103408003E302A6C42F020022A6485F83C300120C4
:1034180027E02B685B6926EA03039BB2003B18BFD1
:103428000123E6E72B689C6926EA0404A4B2003C61
:1034380018BF0124A4B12B685A6912F4806FAED169
:10344800B8F1FF3FC2D1C6F30747012FEAD12B6875
:103458005C6926EA0404A4B2003C18BF0124E9E729
:103468000020BDE8F88370B504460D46164623686B
:103478005B6913F0800F21D12046FFF71BFFF8B9D5
:10348800B5F1FF3FF3D0FFF78FFC801BA84201D8AE
:10349800002DECD123685B6913F0800FE7D100237E
:1034A8002363202284F83D2084F83E30226C42F0C9
:1034B8002002226484F83C30012000E0002070BD26
:1034C8000120FCE72DE9F04385B004460D469146FE
:1034D8001F46DDF830800D9E0368196841F480713D
:1034E80019600096434600224FF00111FFF7FBFEDA
:1034F80060B9236805F0FE051D613346424626493A
:103508002046FFF745FF68B1012008E023681B68E3
:1035180013F4807F02D04FF400732364032005B0B6
:10352800BDE8F0830023039323685A6903929B69DB
:103538000393039B324641462046FFF794FF30B978
:10354800012F0FD123685FFA89F61E61E7E7236C24
:10355800042B01D00120E2E72268136843F40073CA
:103568001360F7E723684FEA19221A613246414689
:103578002046FFF778FF20B923685FFA89F61E61B5
:10358800CDE7236C042B01D00120C8E7226813681B
:1035980043F400731360F7E7020001002DE9F047D8
:1035A80084B004460D46164699460C9FDDF83480D3
:1035B8000268136843F4806313600368196841F470
:1035C80080711960CDF800803B4600224FF0011150
:1035D800FFF789FE70B95FFA85FA236805F0FE05E2
:1035E8001D6143463A4641492046FFF7D1FE68B17E
:1035F800012008E023681B6813F4807F02D04FF491
:1036080000732364032004B0BDE8F087002303930C
:1036180023685A6903929B690393039B4246394680
:103628002046FFF720FF80B9B9F1010F18D12368B0
:10363800F6B21E61424639462046FFF714FF68B3CA
:10364800236C042B24D00120DDE7236C042B01D04C
:103658000120D8E72268136843F400731360F7E782
:103668002368320A1A61424639462046FFF7FBFEB4
:1036780018B92368F6B21E61DCE7236C042B01D06D
:103688000120C0E72268136843F400731360F7E76A
:103698002268136843F400731360D4E72268136840
:1036A80043F480731360CDF800803B4600224FF04E
:1036B80001112046FFF717FE68B922684AF0010396
:1036C800136143463A4609492046FFF761FE002840
:1036D80099D0012097E723681B6813F4807F02D0F4
:1036E8004FF40073236403208DE700BF020001003C
:1036F80070B504460D46164623685B6913F0040F3F
:1037080021D12046FFF7D6FDF8B9B5F1FF3FF3D038
:10371800FFF74AFB801BA84201D8002DECD1236893
:103728005B6913F0040FE7D100232363202284F898
:103738003D2084F83E30226C42F02002226484F856
:103748003C30012000E0002070BD0120FCE770B58E
:1037580004460D46164614E06FF010025A61002325
:103768002363202284F83D2084F83E30226C2264B2
:1037780084F83C30012025E023685B6913F0400F92
:1037880010D02368586910F0400F1AD1586910F00A
:10379800100FE1D1FFF708FB801BA842ECD8002DE1
:1037A800EFD1E9E700232363202284F83D2084F841
:1037B8003E30226C42F02002226484F83C30012022
:1037C80000E0002070BD0000002800F0CC8070B53B
:1037D800044690F83D30002B77D0242384F83D3000
:1037E8002268136823F0010313602268136843F406
:1037F800004313602268136823F40043136000F049
:103808001BFE62685A4B9A4264D85A4B98428CBF46
:1038180000230123002B40F0A8805749A1FB003169
:103828008B0C25686A6822F03F0242EA91426A607E
:1038380021680A6A22F03F0266684D4DAE424FD8B1
:10384800013313430B622168CA6922F44F4222F004
:10385800FF026668464B9E424CD8431E7600B3FB77
:10386800F6F3013340F6FC70034278D0C3F30B0340
:103878001343CB6121680B6823F0C003E269206A17
:10388800024313430B6021688B6823F4034323F03E
:10389800FF032269E068024313438B602168CB6809
:1038A80023F0FF036269A06902431343CB602268D7
:1038B800136843F00103136000202064202384F878
:1038C8003D30206384F83E0070BD80F83C30FEF740
:1038D80065F882E7294B98428CBF0023012399E7BA
:1038E8004FF4967505FB03F3254DA5FB03539B0980
:1038F8000133A6E7A368BBB9451E06EB460CB5FB2A
:10390800FCF50135C5F30B05B5FA85F56D0945BB21
:10391800C3B9013806EB4603B0FBF3F30133C3F335
:103928000B0343F40043A3E7451E06EB860C0CEBA0
:103938008C0CB5FBFCF50135C5F30B05B5FA85F51F
:103948006D09E4E7013806EB860303EB8303B0FB5C
:10395800F3F30133C3F30B0343F4404388E7042331
:1039680086E7012384E7012070470120ACE700BF08
:10397800A08601007F841E0083DE1B43FF083D00F4
:10398800D34D62102DE9F04383B004460F469046AC
:1039980099460C9EFFF708FA054694F83D00C0B218
:1039A800202803D0022003B0BDE8F0830095192336
:1039B80001224B492046FFF796FC002840F08980F9
:1039C80094F83C30012B00F08680012384F83C30C9
:1039D80023681A6812F0010F03D11A6842F0010235
:1039E8001A602268136823F400631360212384F8A3
:1039F8003D30402384F83E30002323640A9B6362F1
:103A0800BDF82C306385638D2385364BE3620195C1
:103A180000964B46424639462046FFF753FD00289C
:103A28005BD1238D002B35D02A4631462046FFF73F
:103A38001AFD20BB626A236812781A61626A531CF5
:103A48006362218D013989B22185638D9BB2013B67
:103A58009BB263852368586910F0040FE1D00029F0
:103A6800DFD052781A61636A01336362238D013BA8
:103A78002385638D9BB2013B9BB26385D1E7236CA1
:103A8800042B01D001208EE72268136843F40073E9
:103A98001360F7E72A4631462046FFF729FE50B162
:103AA800236C042B01D001207DE72268136843F4BE
:103AB80000731360F7E72268136843F40073136018
:103AC800202384F83D30002384F83E3084F83C30CD
:103AD80069E7022067E7022065E7012063E700BF86
:103AE800020010000000FFFF2DE9F04389B00446F2
:103AF8000F4690469946129E00230793FFF754F904
:103B0800054694F83D00C0B2202804D00227384664
:103B180009B0BDE8F08300951923012281492046A8
:103B2800FFF7E1FB002840F0728194F83C30012B4C
:103B380000F06F81012384F83C3023681A6812F082
:103B4800010F03D11A6842F001021A602268136853
:103B580023F400631360222384F83D30402384F863
:103B68003E3000232364109B6362BDF844306385B4
:103B7800638D23856C4BE362019500964B46424664
:103B880039462046FFF70AFD0746002840F04381E2
:103B9800238D5BB9039323685A6903929A69039248
:103BA800039A1A6842F400721A60EDE0012B0FD0F4
:103BB800022B21D02268136843F48063136000232A
:103BC800069323685A6906929B690693069BDBE075
:103BD8002268136823F48063136072B60023049389
:103BE80023685A6904929A690492049A1A6842F4FA
:103BF80000721A6062B6C7E02268136843F4006373
:103C0800136072B60023059323685A6905929A696E
:103C18000592059A1A6822F480621A6062B6B3E0C7
:103C28002A4631462046FFF792FD002840F0F580ED
:103C380023681A69636A1A70636A01336362238DA1
:103C4800013B2385638D9BB2013B9BB263859BE05F
:103C580000953346002235492046FFF744FB0028EB
:103C680040F0DF802268136823F48063136072B623
:103C780023681A69636A1A70636A01336362238D61
:103C8800013B2385638D9BB2013B9BB26385284B27
:103C98001B68DB08274AA2FB03231B0A03EB8303E9
:103CA800C3EBC3030793079B013B0793079B002BB9
:103CB80028D023685A6912F0040FF4D01A6842F425
:103CC80000721A6023681A69636A1A70636A01339A
:103CD8006362238D013B2385638D9BB2013B9BB2BD
:103CE800638562B623681A69636A1A70636A013366
:103CF8006362238D013B2385638D9BB2013B9BB29D
:103D0800638541E02363202284F83D2084F83E3017
:103D1800226C42F02002226462B684F83C3001270B
:103D2800F5E600BF020010000000FFFF04000100DC
:103D38000000002089B5F8142A4631462046FFF7CE
:103D480006FD00286FD123681A69636A1A70626ACF
:103D5800531C6362238D013B2385638D9BB2013B1A
:103D68009BB263852368596911F0040F0CD01B6955
:103D78005370636A01336362238D013B2385638D2E
:103D88009BB2013B9BB26385238D002B36D0032B5E
:103D9800D2D8012B3FF444AF022B7FF459AF0095E2
:103DA8003346002221492046FFF79DFA002836D1E4
:103DB80072B62268136843F40073136023681A69A3
:103DC800636A1A70636A01336362238D013B23853A
:103DD800638D9BB2013B9BB2638562B623681A6907
:103DE800636A1A70636A01336362238D013B23851A
:103DF800638D9BB2013B9BB26385C5E7202384F8A2
:103E08003D30002384F83E3084F83C307FE60227BA
:103E18007DE602277BE6012779E6012777E6012779
:103E280075E6012773E6012771E600BF040001006B
:103E380082B0084B1B68084AA2FB03235B0A00FBFD
:103E480003F3019300BF019B5A1E0192002BF9D185
:103E580002B0704700000020D34D6210002800F027
:103E6800F18170B582B00446036813F0010F2CD0BD
:103E7800994B5B6803F00C03042B1DD0964B5B68D1
:103E880003F00C03082B12D06368B3F5803F41D0D0
:103E9800002B55D103F1804303F504331A6822F44B
:103EA80080321A601A6822F480221A6037E08A4B3E
:103EB8005B6813F4803FE7D0874B1B6813F4003F1F
:103EC80003D06368002B00F0BF81236813F0020F52
:103ED80075D0814B5B6813F00C0F5FD07E4B5B682D
:103EE80003F00C03082B54D02369002B00F08A80C0
:103EF8007A4B01221A60FEF757FF0546764B1B687E
:103F080013F0020F75D1FEF74FFF401B0228F5D9B9
:103F180003209EE1704A136843F48033136063689A
:103F280043B3FEF741FF05466B4B1B6813F4003F94
:103F3800CBD1FEF739FF401B6428F5D9032088E16F
:103F4800B3F5A02F09D0644B1A6822F480321A60A6
:103F58001A6822F480221A60E1E703F18043A3F58E
:103F68003C331A6842F480221A601A6842F480329C
:103F78001A60D4E7FEF718FF0546574B1B6813F481
:103F8800003FA2D0FEF710FF401B6428F5D903209C
:103F98005FE1514B5B6813F4803FA5D14E4B1B6822
:103FA80013F0020F03D02369012B40F04F814A4AD6
:103FB800136823F0F803616943EAC10313602368B7
:103FC80013F0080F33D0A369002B5CD0434B0122B8
:103FD800C3F88024FEF7E8FE05463F4B5B6A13F002
:103FE800020F21D1FEF7E0FE401B0228F5D903207D
:103FF8002FE1394A136823F0F803616943EAC103E2
:104008001360DCE7354B00221A60FEF7CDFE05464B
:10401800314B1B6813F0020FD1D0FEF7C5FE401BD1
:104028000228F5D9032014E10120FFF701FF2368D6
:1040380013F0040F00F09680274BDB6913F0805FC4
:1040480034D1254BDA6942F08052DA61DB6903F03A
:1040580080530193019B0125214B1B6813F4807F3A
:1040680026D0E368012B3DD0002B53D103F18043C8
:1040780003F504331A6A22F001021A621A6A22F05E
:1040880004021A6233E0154B0022C3F88024FEF7BD
:104098008BFE0546104B5B6A13F0020FC7D0FEF784
:1040A80083FE401B0228F5D90320D2E00025D3E780
:1040B8000B4A136843F480731360FEF775FE0646D7
:1040C800074B1B6813F4807FCBD1FEF76DFE801B76
:1040D8006428F5D90320BCE00010024000004242E9
:1040E800007000405F4A136A43F001031362E368FB
:1040F80033B3FEF759FE06465A4B1B6A13F0020FFC
:104108002FD1FEF751FE801B41F288339842F3D934
:1041180003209EE0052B09D0524B1A6A22F00102B7
:104128001A621A6A22F004021A62E0E74D4B1A6A10
:1041380042F004021A621A6A42F001021A62D6E7D1
:10414800FEF732FE0646474B1B6A13F0020F08D0F3
:10415800FEF72AFE801B41F288339842F3D90320E8
:1041680077E0E5B9E369002B72D03E4A526802F065
:104178000C02082A56D0022B17D03B4B00221A6695
:10418800FEF712FE0446374B1B6813F0007F47D03A
:10419800FEF70AFE001B0228F5D9032059E0314A30
:1041A800D36923F08053D361DCE72F4B00221A66D2
:1041B800FEF7FAFD05462B4B1B6813F0007F06D06F
:1041C800FEF7F2FD401B0228F5D9032041E0236ADF
:1041D800B3F5803F1AD023494B6823F47413226A3D
:1041E800606A024313434B601F4B01221A66FEF7B5
:1041F800DBFD04461B4B1B6813F0007F0ED1FEF756
:10420800D3FD001B0228F5D9032022E0154A536884
:1042180023F40033A1680B435360DCE7002018E067
:10422800002016E0012B16D00E4B5B6803F480319A
:10423800226A914211D103F47013626A93420ED13B
:10424800002006E001207047012002E0012000E084
:10425800002002B070BD0120FBE70120F9E7012032
:10426800F7E700BF00100240000042420F4B5B68B6
:1042780003F00C02082A01D00D487047C3F38342AB
:104288000C49885C13F4803F0BD0084B5B68C3F380
:104298004043094AD35C064A02FB00F0B0FBF3F046
:1042A8007047064B03FB00F0704700BF0010024048
:1042B80000127A00341801084418010800093D006A
:1042C800002800F0A08070B50D460446524B1B68CC
:1042D80003F007038B420BD24F4A136823F00703FE
:1042E8000B431360136803F007038B4240F08D8083
:1042F800236813F0020F17D013F0040F04D0474AB5
:10430800536843F4E0635360236813F0080F04D044
:10431800424A536843F460535360404A536823F059
:10432800F003A1680B435360236813F0010F31D0E9
:104338006368012B20D0022B25D0384A126812F06E
:10434800020F64D035494A6822F0030213434B60D8
:10435800FEF72AFD0646314B5B6803F00C036268E2
:10436800B3EB820F16D0FEF71FFD801B41F2883396
:104378009842F0D9032045E0284A126812F4003F19
:10438800E0D101203EE0254A126812F0007FD9D121
:10439800012037E0204B1B6803F00703AB420AD922
:1043A8001D4A136823F007032B431360136803F0B7
:1043B8000703AB422DD1236813F0040F06D0174A28
:1043C800536823F4E063E1680B435360236813F0F8
:1043D800080F07D0114A536823F46053216943EA50
:1043E800C1035360FFF742FF0C4B5B68C3F3031331
:1043F8000B4AD35CD8400B4B18600B4B1868FEF780
:104408008FFC002070BD012070470120FAE70120D1
:10441800F8E70120F6E700BF002002400010024044
:104428001C1801080000002008000020014B186833
:10443800704700BF0000002008B5FFF7F7FF044BE6
:104448005B68C3F30223034AD35CD84008BD00BFAE
:10445800001002402C18010808B5FFF7E7FF044BCD
:104468005B68C3F3C223034AD35CD84008BD00BFCE
:10447800001002402C180108002856D010B5044638
:10448800436A33B94368B3F5827F05D00023C3611B
:1044980002E00023036143610023A36294F85130D2
:1044A800002B3CD0022384F851302268136823F093
:1044B80040031360636803F48273A26802F4044241
:1044C8001343E26802F400621343226902F0020215
:1044D8001343626902F001021343A26902F40072F5
:1044E8001343E26902F038021343226A02F08002A1
:1044F8001343A26A02F40052216813430B60638BD2
:10450800226803F0040353602268D36923F400632C
:10451800D36100206065012384F8513010BD84F810
:1045280050302046FDF7ECFDBCE70120704770478E
:1045380030B585B00446026851689368C3F38010AB
:1045480013F0400F05D113F0010F02D011F0400F06
:104558005AD113F0020F02D011F0800F58D1C3F3D3
:10456800401513F0200F01D1002854D011F0200F6E
:1045780051D078B194F85130DBB2032B4DD0636D34
:1045880043F00403636500230193D36801939368A0
:104598000193019B65B1636D43F0010363650023DB
:1045A800039393680393136823F040031360039BFA
:1045B800636D002B2FD02268536823F0E00353600B
:1045C800012384F8513011F0030F2ED0226853686C
:1045D80023F003035360E36C4BB1164A5A63E06C53
:1045E800FEF78CFC18B1636D43F040036365A36C60
:1045F8008BB1104A5A63A06CFEF780FC58B1636D0A
:1046080043F04003636506E0236C2046984702E0C8
:10461800636C2046984705B030BD00230293D368E9
:10462800029393680293029BF5E72046FFF77FFF0A
:10463800F1E700BF4146000808B5406A0023C38778
:10464800C386FFF774FF08BD30B4036A026A22F01C
:10465800010202624268846924F073040D682C43E5
:1046680023F0020C8B6843EA0C03104DA84203D0D8
:1046780005F50065A84205D123F00803CD682B4352
:1046880023F00403094DA84203D005F50065A842AC
:1046980005D122F440724D692A438D692A4342604C
:1046A80084614A684263036230BC7047002C014051
:1046B80030B4036A026A22F4807202624268C469F2
:1046C80024F0730C0C6844EA0C0523F400738C681E
:1046D80043EA0423114CA04203D004F50064A0422D
:1046E80006D123F40063CC6843EA042323F48063EF
:1046F8000A4CA04203D004F50064A04207D122F47A
:1047080040524C6942EA04128C6942EA041242603F
:10471800C5614A68C263036230BC7047002C01401F
:1047280030B4036A026A22F4805202624468C269A1
:1047380022F4E6420D6842EA052223F400538D680C
:1047480043EA0533094DA84203D005F50065A842A0
:1047580004D124F480444D6944EA85144460C2615C
:104768004A680264036230BC704700BF002C0140F5
:1047780010B4036A046A24F001040462846924F012
:10478800F00C4CEA021223F00A030B438261036225
:1047980010BC704710B4036A046A24F01004046261
:1047A800846924F4704C4CEA023223F0A00343EAF3
:1047B80001138261036210BC7047836823F07003A1
:1047C8000B4343F0070383607047000090F83D30C7
:1047D800DBB2012B2FD1022380F83D300268D36869
:1047E80043F00103D3600368154A934218D002F5D9
:1047F8000062934214D0B3F1804F11D0A2F59832E1
:1048080093420DD002F58062934209D002F580628E
:10481800934205D01A6842F001021A6000207047DE
:104828009A6802F00702062A07D01A6842F00102C5
:104838001A6000207047012070470020704700BFB1
:10484800002C01407047704770477047704710B59B
:10485800044603681A6912F0020F11D0DA6812F0E0
:10486800020F0DD06FF002021A610123037703686B
:104878009B6913F0030F70D0FFF7E6FF002323773F
:1048880023681A6912F0040F12D0DA6812F0040FC4
:104898000ED06FF004021A610223237723689B6904
:1048A80013F4407F5FD02046FFF7CEFF0023237725
:1048B80023681A6912F0080F12D0DA6812F0080F8C
:1048C8000ED06FF008021A61042323772368DB698E
:1048D80013F0030F4ED02046FFF7B6FF00232377CF
:1048E80023681A6912F0100F12D0DA6812F0100F4C
:1048F8000ED06FF010021A61082323772368DB6952
:1049080013F4407F3DD02046FFF79EFF0023237716
:1049180023681A6912F0010F03D0DA6812F0010F48
:1049280036D123681A6912F0800F03D0DA6812F0C2
:10493800800F34D123681A6912F0400F03D0DA6867
:1049480012F0400F32D123681A6912F0200F03D0F9
:10495800DA6812F0200F30D110BDFFF774FF20463F
:10496800FFF773FF8AE72046FFF76DFF2046FFF742
:104978006CFF9BE72046FFF766FF2046FFF765FFC1
:10498800ACE72046FFF75FFF2046FFF75EFFBDE775
:104998006FF001021A612046FDF73CF8C1E76FF09D
:1049A80080021A61204600F0BBFBC3E76FF04002AB
:1049B8001A612046FFF74AFFC5E76FF020021A6127
:1049C800204600F0ACFBC7E70368244A904212D0A7
:1049D80002F5006290420ED0B0F1804F0BD0A2F5E4
:1049E8009832904207D002F58062904203D002F5D7
:1049F8008062904203D123F070034A681343174A38
:104A0800904212D002F5006290420ED0B0F1804F71
:104A18000BD0A2F59832904207D002F580629042FE
:104A280003D002F58062904203D123F44073CA6830
:104A3800134323F080034A69134303608B68C362FE
:104A48000B688362054B984203D003F500639842D4
:104A580001D10B690363012343617047002C0140B6
:104A680040B310B5044690F83D30F3B1022384F802
:104A78003D30214651F8040BFFF7A6FF012384F8C7
:104A8800463084F83E3084F83F3084F8403084F86B
:104A9800413084F8423084F8433084F8443084F854
:104AA800453084F83D30002010BD80F83C30FDF7DB
:104AB800B1FDDBE70120704740B310B5044690F81C
:104AC8003D30F3B1022384F83D30214651F8040B00
:104AD800FFF77AFF012384F8463084F83E3084F8E3
:104AE8003F3084F8403084F8413084F8423084F80C
:104AF800433084F8443084F8453084F83D30002051
:104B080010BD80F83C30FFF79DFEDBE701207047C1
:104B1800002857D070B50D46044690F83D30002B5C
:104B28004BD0022384F83D302268936823F48043F5
:104B380023F007039360214651F8040BFFF744FF65
:104B480021688A688B690E6A2868104323F4407CC0
:104B58002CF0030CAA68AB6942EA032343EA0C036E
:104B680023F47C4323F0FC03EA69D5F80CC04CEA33
:104B7800022C4CEA030C2A6A13032A6943EA02133B
:104B880043EA0C0326F022066A686D6942EA0512B8
:104B98003243886021688B6123681A62012384F894
:104BA800463084F83E3084F83F3084F8423084F848
:104BB800433084F83D30002070BD80F83C30FDF76C
:104BC800A9FDAEE70120704730B4036A026A22F0FB
:104BD800100202624468826922F4E6420D6842EAE1
:104BE800052223F020038D6843EA0513114DA842DE
:104BF80003D005F50065A84206D123F08003CD68EF
:104C080043EA051323F040030A4DA84203D005F5F3
:104C18000065A84207D124F440644D6944EA85043C
:104C28008D6944EA8504446082614A68826303624C
:104C380030BC7047002C014038B590F83C30012B4F
:104C480066D004460D46012380F83C300C2A5AD819
:104C5800DFE802F0075959591B5959593059595920
:104C680044000068FFF7F0FC2268936943F00803EA
:104C780093612268936923F004039361226893691E
:104C880029690B43936100203EE00068FFF79CFF11
:104C98002268936943F4006393612268936923F45B
:104CA8008063936122689369296943EA01239361C8
:104CB800002029E00068FFF7FBFC2268D36943F075
:104CC8000803D3612268D36923F00403D3612268FF
:104CD800D36929690B43D361002015E00068FFF709
:104CE8001FFD2268D36943F40063D3612268D36946
:104CF80023F48063D3612268D369296943EA0123D5
:104D0800D361002000E00120002384F83C3038BD46
:104D18000220FCE710B4846824F47F4C42EA0322A2
:104D28000A4342EA0C02826010BC704790F83C309B
:104D3800012B78D010B50446012380F83C300223BB
:104D480080F83D300268936823F47F4323F07703AB
:104D580093600B68602B4CD029D8402B54D00CD9C9
:104D6800502B22D1CA6849680068FFF701FD50211D
:104D78002068FFF722FD002005E0202B0DD009D97F
:104D8800302B0AD00120012384F83D30002384F819
:104D98003C3010BD0BB1102B05D119462068FFF728
:104DA8000CFD0020EFE70120EDE70120EBE7B3F56C
:104DB800805F34D0B3F5005F0CD1CB684A6889684E
:104DC8000068FFF7A7FF2268936843F48043936065
:104DD8000020D8E7702B24D1CB684A68896800681E
:104DE800FFF798FF2268936843F0770393600020E9
:104DF800C9E7CA6849680068FFF7CCFC60212068E9
:104E0800FFF7DBFC0020BEE7CA6849680068FFF7C7
:104E1800AFFC40212068FFF7D0FC0020B3E700205A
:104E2800B1E70120AFE70220704701F01F0101231D
:104E380003FA01FC036A23EA0C030362036A02FA19
:104E480001F10B430362704710B504460846C1B927
:104E580094F83E30DBB2013B18BF0123002B40F031
:104E6800898038BB022384F83E300C2800F2848005
:104E7800DFE800F0308282826382828269828282E5
:104E88006F00042908D008290DD094F84130DBB20E
:104E9800013B18BF0123E1E794F83F30DBB2013B47
:104EA80018BF0123DAE794F84030DBB2013B18BFA2
:104EB8000123D3E7042805D0082807D0022384F863
:104EC8004130D2E7022384F83F30CEE7022384F84A
:104ED8004030CAE72268D36843F00203D360012256
:104EE80001462068FFF7A1FF2368254A934203D0B3
:104EF80002F50062934203D15A6C42F400425A64AC
:104F080023681F4A93422AD002F50062934226D0B2
:104F1800B3F1804F23D0A2F5983293421FD002F507
:104F2800806293421BD002F58062934217D01A68C0
:104F380042F001021A6000201FE02268D36843F0A3
:104F48000403D360CBE72268D36843F00803D36037
:104F5800C5E72268D36843F01003D360BFE79A68B7
:104F680002F00702062A09D01A6842F001021A6004
:104F7800002002E0012000E0012010BD0020FCE735
:104F8800002C014038B5044690F83E00C0B294F8B1
:104F98003F3094F84220D2B294F843C00D46B1B9DC
:104FA800012849D1012A48D1022384F83E3084F8E7
:104FB80042307DB3042D39D0012200212068FFF74B
:104FC80034FF012204212068FFF72FFF27E0DBB21E
:104FD8005FFA8CFC042912D0012833D1012B2CD183
:104FE800012A31D1BCF1010F30D1022384F83E30BF
:104FF80084F83F3084F8423084F84330D9E7012BF5
:105008001CD1BCF1010F1BD1022384F83F3084F876
:105018004330CEE7012200212068FFF706FF22680F
:10502800136843F001031360002006E00122042105
:105038002068FFF7FAFEF2E7012038BD0120FCE7FF
:105048001846FAE70120F8E71846F6E71046F4E7AD
:1050580090F83C30012B34D010B4012380F83C3058
:10506800022380F83D3003685A689C6822F0700C6F
:105078000A6842EA0C025A600368134A934212D043
:1050880002F5006293420ED0B3F1804F0BD0A2F527
:105098009832934207D002F58062934203D002F51A
:1050A8008062934204D124F080044A6814439C60CF
:1050B800012380F83D30002380F83C30184610BCAE
:1050C80070470220704700BF002C014090F83C3028
:1050D800012B22D0012380F83C30CB6823F44073A5
:1050E8008A68134323F480634A68134323F40063F4
:1050F8000A68134323F480530A69134323F40053C3
:105108004A69134323F48043CA691343026853640A
:10511800002380F83C3018467047022070477047DB
:105128007047026802F10C0353E8003F23F49073C0
:105138000C3242E800310029F3D1026802F114036D
:1051480053E8003F23F00103143242E800310029FC
:10515800F3D1036B012B05D0202380F842300023C4
:1051680003637047026802F10C0353E8003F23F021
:1051780010030C3242E800310029F3D1ECE790F833
:105188004130DBB2212B01D0022070478368B3F590
:10519800805F17D0036A5A1C02621A7803685A6043
:1051A800C38C9BB2013B9BB2C3844BB90268D368E2
:1051B80023F08003D3600268D36843F04003D360D0
:1051C800002070470369002BE4D1036A1B8802683A
:1051D800C3F308035360036A02330362E0E7000085
:1051E80010B504460268136923F44053C1680B43A1
:1051F800136183680269134342691A430168CB68E3
:1052080023F4B05323F00C031343CB6002685369B3
:1052180023F4407381690B4353610268134B9A422C
:1052280020D0FFF709F9024602EB820202EB820264
:1052380063689B00B2FBF3F20D48A0FB02314909F9
:10524800642303FB11231B013233A0FB03235B09F7
:1052580003F0F00202EB011203F00F03216813447C
:105268008B6010BDFFF7F8F80246DDE70038014013
:105278001F85EB512DE9F84305460F46164699461A
:10528800DDF820802C68246837EA04030CBF4FF04F
:10529800010C4FF0000CB4452DD1B8F1FF3FF1D00F
:1052A800B8F1000F05D0FDF77FFDA0EB09004045E0
:1052B800E8D92A6802F10C0353E8003F23F4D073BD
:1052C8000C3242E800310029F3D12A6802F11403B4
:1052D80053E8003F23F00103143242E8003100296B
:1052E800F3D1202385F8413085F84230002385F832
:1052F8004030032000E00020BDE8F88360B310B51B
:10530800044690F8413013B3242384F841302268CE
:10531800D36823F40053D3602046FFF761FF226867
:10532800136923F4904313612268536923F02A0315
:1053380053612268D36843F40053D360002060644B
:10534800202384F8413084F84230606310BD80F82F
:105358004030FDF739FCD7E7012070472DE9F041CF
:1053680082B01E4690F84130DBB2202B4BD1044668
:105378000D46904600294AD00AB9012044E000238E
:105388004364212380F84130FDF70EFD0746A4F859
:105398002480A4F82680A368B3F5805F02D04FF07C
:1053A80000080FE02369FBB14FF000080AE038F865
:1053B800023B2268C3F308035360E28C92B2013ABD
:1053C80092B2E284E38C9BB28BB100963B460022FA
:1053D80080212046FFF74EFFD8B9002DE7D015F8F9
:1053E800012B23685A60E8E7A8460025EAE70096FB
:1053F8003B46002240212046FFF73CFF58B92023B6
:1054080084F8413000E0022002B0BDE8F0810120BC
:10541800FAE70320F8E70320F6E7704708B50168C4
:10542800CA6822F04002CA60202280F84120FFF7B3
:10543800F4FF002008BD704708B5406A0023C38503
:10544800C384FFF7F8FF08BD704790F84230DBB21D
:10545800222B69D18368B3F5805F4FD0826AB3F598
:10546800805F04D0002B56D10369002B53D1036809
:105478005B681370836A01338362C38D9BB2013BFF
:105488009BB2C385002B51D100B583B00268D368A5
:1054980023F02003D3600268D36823F48073D360B9
:1054A8000268536923F001035361202380F84230D6
:1054B80000234363036B012B33D10023036302688A
:1054C80002F10C0353E8003F23F010030C3242E8CA
:1054D80000310029F3D103681A6812F0100F06D0C2
:1054E800002201921A6801925B680193019B818DE9
:1054F800FFF7AAFF002003B05DF804FB0269002A49
:10550800ACD1826A03685B68C3F308031380836ABB
:1055180002338362B1E703685B6803F07F031370AB
:10552800A8E7FCF7E9FAE5E7022070470020704792
:1055380030B583B0044602681368D068516913F027
:105548000F0505D113F0200F02D010F0200F19D14C
:105558002DB111F0010119D110F4907F16D1216BF2
:1055680001297DD013F0800F03D010F0800F40F098
:10557800188113F0400F03D010F0400F40F0158150
:1055880003B030BD2046FFF760FFF9E713F0010FC5
:1055980006D010F4807F03D0626C42F0010262648E
:1055A80013F0040F04D019B1626C42F00202626475
:1055B80013F0020F04D019B1626C42F00402626465
:1055C80013F0080F07D010F0200F00D119B1626C4A
:1055D80042F008026264626C002AD1D013F0200FF6
:1055E80002D010F0200F29D123685B6903F0400333
:1055F800626C12F0080F00D163B32046FFF791FDEB
:1056080023685B6913F0400F20D0226802F114036D
:1056180053E8003F23F04003143242E800310029E8
:10562800F3D1E36B73B1634A5A63E06BFDF766FC31
:105638000028A5D0E06B436B9847A1E72046FFF709
:1056480004FFD1E72046FFF7F6FE99E72046FFF76B
:10565800F2FE95E72046FFF7EEFE002363648FE72E
:1056680013F0100F3FF47EAF10F0100F3FF47AAF35
:10567800002301931368019353680193019B5369B5
:1056880013F0400F51D0E26B13685B689BB2002B9C
:105698003FF476AFA18D99427FF672AFE3859369A7
:1056A800202B37D0226802F10C0353E8003F23F483
:1056B80080730C3242E800310029F3D1226802F1EC
:1056C800140353E8003F23F00103143242E8003189
:1056D8000029F3D1226802F1140353E8003F23F0B4
:1056E8004003143242E800310029F3D1202384F822
:1056F800423000232363226802F10C0353E8003F81
:1057080023F010030C3242E800310029F3D1E06B9A
:10571800FDF7D0FB02236363A18DE38D9BB2C91A09
:1057280089B22046FFF790FE2AE7A18DE38D9BB250
:10573800C91A89B2E38D9BB2002B3FF421AF00292F
:105748003FF41EAF226802F10C0353E8003F23F434
:1057580090730C3242E800300028F3D1226802F13D
:10576800140353E8003F23F00103143242E80030E9
:105778000028F3D1202384F84230002323632268D1
:1057880002F10C0353E8003F23F010030C3242E807
:1057980000300028F3D1022363632046FFF754FE4C
:1057A800EEE62046FFF7EBFCEAE62046FFF736FE7A
:1057B800E6E600BF4154000881628285C285002365
:1057C8004364222380F84230036923B10268D36816
:1057D80043F48073D3600268536943F00103536153
:1057E8000268D36843F02003D3600020704708B5EF
:1057F80090F84230DBB2202B08D149B10AB9012018
:1058080008BD00230363FFF7D7FFF9E70220F7E796
:105818000120F5E7F0B583B007462C4B586801AB7B
:1058280004220D21007802F003FB00284BD1044626
:105838009DF80420D21002F01C029DF80710C1F355
:1058480001131A438DF800209DF80520D21002F0AC
:105858001C02C1F381031A438DF801209DF806301C
:10586800DB1003F01C0301F003010B438DF8023039
:1058780018E007EB8405164B47F8243004E0154977
:105888002868FBF7A9FA286006F108030DEB030264
:1058980012F8083C013BDBB202F8083C002BEED1C1
:1058A8000134E4B2022C0BD8264604F108036B44F9
:1058B80013F8083C002BDCD1002347F82430EFE72D
:1058C800002003B0F0BD0720FBE700BF1800002050
:1058D8007B14AE3E1D5A843F2DE9F04385B08146C6
:1058E800884601A8FFF796FF00273C460DE02149AE
:1058F8003046FBF70FFC20B91F493046FBF728FC60
:1059080010B10123A3401F430134022C2EDCA50053
:1059180059F8240058F82430C01A0028B8BF40426B
:10592800FBF706FA4FF05E51FBF756FA064605F10B
:1059380010030DEB030555F80C5C00212846FBF716
:10594800DFFB0028D3D129463046FBF7F9FA4FF0A0
:105958007E51FBF737F920F000400849FBF7F8FBC8
:105968000028D1D00123A3401F43CDE7384605B016
:10597800BDE8F0839A99993E3333733F295C0F3E13
:105988002DE9F04182B007468846374B586801AB8D
:1059980003220D21007802F04BFA00285FD19DF810
:1059A800043003F01F038DF804309DF8053003F030
:1059B8001F038DF805309DF8063003F01F038DF89E
:1059C80006300026344626E02849FBF705FA04F19C
:1059D80008030DEB030212F8043C013BDBB202F8AA
:1059E800043C002BF0D101462846FBF7A9FA4FF0FA
:1059F8007E51FBF7E7F820F000401D49FBF7A8FBB4
:105A080040B10123A3401E4304E01A48DFE7012305
:105A1800A3401E430134022C22DC57F8240058F816
:105A28002430C01A0028B8BF4042FBF781F94FF074
:105A38005E51FBF7D1F9054604F108036B4413F8EE
:105A4800043C002BE1D10C49FBF764FB0028DED1B4
:105A58000A492846FBF77CFB0028DBD0D7E7072656
:105A6800304602B0BDE8F0811800002054E3853FBD
:105A7800295C0F3E0000C841000020410000D242CE
:105A880000B583B0234B93F82430CBB1A0B10223E7
:105A98008DF807301F4B586819680DF1070301226C
:105AA800C97B007802F0B2F948BB9DF80720194B72
:105AB8005A7403B05DF804FB00238DF80730E9E75A
:105AC800144B9B7AF3B110B1124B5B7CEBB990B1DC
:105AD80001238DF807300F4B586819680DF107033B
:105AE8000122C97B007802F091F980B99DF807205E
:105AF800084B5A74DDE700238DF80730EBE74FF0C9
:105B0800FF30D6E74FF0FF30D3E70020D1E74FF062
:105B1800FF30CEE718000020F0B589B005460C46E6
:105B2800164601238DF8143000238DF81530854B67
:105B38005868196805AB0222897C007802F066F97A
:105B4800002840F0CE81C820FDF734F900238DF8F5
:105B580014307C4B5868196805AB0122C97B007862
:105B680002F054F9002840F0BF81764B5868196854
:105B780005AB01224979007802F048F9002840F085
:105B8800B681704B5868196805AB0122897C00788A
:105B980002F03CF9002840F0AD816A4B586819685A
:105BA80005AB0122C97D007802F030F9002840F0E9
:105BB800A481644B5868196805AB012209790078FB
:105BC80002F024F9002840F09B810C238DF8143052
:105BD8005C4B5868196805AB01220979007802F016
:105BE80015F9002840F08F810F20FDF7E3F8554B99
:105BF8009A6A527A8DF814205868196805AB012200
:105C08008978007802F002F9002840F07F814D4B36
:105C18009A6A127A8DF814205868196805AB01221F
:105C28004978007802F0F2F8002840F07281002EDE
:105C380079D0444B9B6A9B7A63F01F038DF814302C
:105C4800404B5868196805AB01228979007802F041
:105C5800DDF8002840F06081002E6AD0394B9B6A3D
:105C6800DB7A63F01F038DF81430364B58681968D7
:105C780005AB0122C979007802F0C8F8002840F085
:105C88004E81002E59D140238DF814302D4B586881
:105C9800196805AB01220979007802F0B7F80028E5
:105CA80040F0408178238DF81430264B58681968E5
:105CB80005AB01224979007802F0A8F8002840F0E5
:105CC80034813220FDF776F800238DF814301D4B0F
:105CD8005868196805AB01224979007802F096F8EE
:105CE800002840F02581174B5868196805AB022237
:105CF800897A007802F09CF80646002840F01B815B
:105D08009DF814309DF8157047EA03270E4BA3FB46
:105D18000737C7F3C7070023AB606B602B60A3602E
:105D2800636023605CE0074B9B6A9B7A8DF81430B4
:105D380086E718238DF8143097E7C820FDF73AF85E
:105D4800A1E700BF18000020ABAAAAAA9DF814304A
:105D58009DF8151041EA032109B2ADF804109DF829
:105D680016309DF8172042EA032212B2ADF8062039
:105D78009DF818009DF8193043EA00231BB2ADF8CE
:105D8800083020680144216061680A446260A268A2
:105D98001344A3609DF81A309DF81B1041EA0321B3
:105DA80009B2ADF80C109DF81C309DF81D2042EA90
:105DB800032212B2ADF80E209DF81E009DF81F3088
:105DC80043EA00231BB2ADF810302868014429606B
:105DD80069680A446A60AA681344AB600136F6B27F
:105DE800BE420ED2554B5868196805AB0C22C97AC9
:105DF800007802F01DF80028A8D04FF0FF3009B055
:105E0800F0BD29688322002308040914FBF7F0F980
:105E180000263A463346FBF7EBF928606968832287
:105E2800002308040914FBF7E3F93A463346FBF765
:105E3800DFF96860A9688322002308040914FBF7C6
:105E4800D7F93A463346FBF7D3F9A860206803141C
:105E580000041946B3422DDBC00A3A46334640EAED
:105E68004150C912FBF7C4F92060606803140004AC
:105E78001946002B24DBC00A3A46334640EA415013
:105E8800C912FBF7B5F96060A0680314000419464D
:105E9800002B1BDBC00A3A46334640EA4150C91280
:105EA800FBF7A6F9A060002816DDA0F58030A060F9
:105EB8000020A4E740F2FF72801843F10001CBE70D
:105EC80040F2FF72801843F10001D4E740F2FF72FC
:105ED800801843F10001DDE700F58030A060002064
:105EE8008DE74FF0FF308AE74FF0FF3087E74FF03C
:105EF800FF3084E74FF0FF3081E74FF0FF307EE757
:105F08004FF0FF307BE74FF0FF3078E74FF0FF307E
:105F180075E74FF0FF3072E74FF0FF306FE74FF053
:105F2800FF306CE74FF0FF3069E74FF0FF3066E76E
:105F38004FF0FF3063E74FF0FF3060E718000020B4
:105F48007C4B9B7A002B00F0D48000B583B00023F3
:105F58008DF80730774B586819680DF1070301224F
:105F6800C97B007801F052FF002840F0C580714BD2
:105F7800586819680DF1070301224979007801F082
:105F880045FF002840F0BB806A4B586819680DF13E
:105F9800070301220979007801F038FF002840F052
:105FA800B180644B93F82430002B52D00C238DF829
:105FB8000730604B586819680DF107030122097909
:105FC800007801F023FF002840F09F803220FCF782
:105FD800F1FEC0238DF80730564B9B7A13F0010F62
:105FE80002D0E0238DF80730524B586819680DF13C
:105FF800070301220979007801F008FF002840F022
:1060080087804C4B5B7C03B302238DF80730494BE8
:10601800586819680DF107030122C97B007801F05F
:10602800F5FE002877D100238DF80730414B5868DA
:1060380019680DF1070301224979007801F0E6FE9D
:1060480000286BD103B05DF804FB00238DF80730FE
:10605800DDE704238DF80730364B586819680DF1D1
:10606800070301220979007801F0D0FE002858D1F1
:10607800304B9B7C23B92F4B9B7A13F0010F30D107
:1060880040238DF807302B4B586819680DF107032A
:1060980001220979007801F0B9FE002844D13220A4
:1060A800FCF788FE234B5B7CFBB101238DF807309E
:1060B800204B586819680DF107030122C97B007845
:1060C80001F0A4FE98BB1B4B586853F8101B012223
:1060D8004979007801F09AFE0028B3D04FF0FF30DC
:1060E800B0E760238DF80730CDE700238DF807303F
:1060F800DEE74FF0FF3070474FF0FF30A2E74FF078
:10610800FF309FE74FF0FF309CE74FF0FF3099E7F3
:106118004FF0FF3096E74FF0FF3093E74FF0FF3036
:1061280090E74FF0FF308DE74FF0FF308AE74FF0F0
:10613800FF3087E7180000200D4B1B7A032B13D87C
:10614800DFE803F002060A0EFA23038000207047F6
:106158004FF4FA730380F9E74FF47A730380F5E795
:106168004FF4FA630380F1E700230380EEE700BFF2
:1061780018000020244B9B7A002B3CD000B583B03C
:10618800B0F57A7F33D00BD8FA2813D0B0F5FA7F60
:1061980003D108238DF807300FE04FF0FF3023E0DC
:1061A800B0F5FA6F03D118238DF8073005E04FF0EA
:1061B800FF3019E000238DF80730134B1B7A9DF848
:1061C8000720B3EBD20F19D00F4B586819680DF19F
:1061D800070301228979007801F018FE80B99DF83B
:1061E8000730DB08084A137203B05DF804FB10237C
:1061F8008DF80730E1E74FF0FF3070470020F3E7F4
:106208004FF0FF30F0E700BF180000200F4B5B7A1B
:10621800032B16D8DFE803F0020C0F1202230370D9
:106228000A4BDB7C83B103785B0003700020704766
:1062380004230370F4E708230370F1E710230370C5
:10624800EEE74FF0FF30704700207047180000203D
:10625800234B9B7A002B35D000B583B002380E282B
:1062680033D8DFE800F008322332323227323232B4
:10627800323232322B0000238DF80730184B5B7A0C
:106288009DF80720B3EBD20F24D0154B5868196836
:106298000DF107030122C979007801F0B7FDD8B9DB
:1062A8009DF80730DB080E4A537210E008238DF87A
:1062B8000730E3E710238DF80730DFE718238DF860
:1062C8000730DBE74FF0FF3070474FF0FF3003B087
:1062D8005DF804FB0020FAE74FF0FF30F7E700BF56
:1062E800180000200F4BDB7A013B052B17D8DFE89D
:1062F80003F003070A0D1013BC2303800020704726
:1063080062230380FAE72A230380F7E71423038034
:10631800F4E70A230380F1E705230380EEE700236F
:106328000380EBE718000020234B9B7A002B3AD020
:1063380000B583B0BB281AD901238DF807301E4B4E
:10634800DA7A9DF807309A4230D01B4B58681968A2
:106358000DF1070301228978007801F057FD38BB59
:106368009DF80720144BDA7203B05DF804FB61282E
:1063780003D902238DF80730E1E7292803D903233D
:106388008DF80730DBE7132803D904238DF807308D
:10639800D5E7092803D905238DF80730CFE7062369
:1063A8008DF80730CBE74FF0FF3070470020DBE770
:1063B8004FF0FF30D8E700BF18000020054B93F8D6
:1063C800243023B9034BDB890380002070474FF04A
:1063D800FF307047180000200D4B1B7A032B13D891
:1063E800DFE803F002060A0E0A4B0360002070473C
:1063F800094B036000207047084B0360002070477A
:10640800074B0360002070474FF0FF30704700BF14
:106418001800002000000343000083423333034286
:1064280033338341114B5B7A032B1AD8DFE803F02F
:10643800020D11154FF4804303800C4BDB7C9BB19C
:1064480003885B0803800020704741F69C73038033
:10645800F3E74FF480530380EFE74FF400630380C2
:10646800EBE74FF0FF30704700207047180000201E
:10647800024B1B7C03700020704700BF18000020EF
:1064880070B5174B93F824302BBB00F0FE04144B67
:106498009B7A13B3124A167C23401374A3420BD081
:1064A8004FF0FF3514B90E4B1B7D3BB10120FFF7B0
:1064B800E7FA3CB9284670BD0025F3E70020FFF74E
:1064C800DFFAF6E7FFF73CFD0028F3D0044B1E7413
:1064D8004FF0FF35EEE70025ECE74FF0FF35E9E731
:1064E800180000202E4B93F82430002B49D0F0B52B
:1064F80083B005460F461646294B9B7A002B43D09E
:10650800274B5868196801AB0222897A007801F094
:106518008FFC00283BD19DF804009DF8054044EA13
:106528000024AC4223D31E4B58684388B4EB530F66
:106538000DD91B4B196801AB0122497C007801F089
:1065480077FC38BB9DF8043013F0100F14D1144BAE
:10655800586819683B46EAB2C97A007801F068FCC5
:10656800D8B9B4FBF5F4013C347003B0F0BD002396
:1065780033704FF0FF30F8E7FFF7E2FC6FF00100EF
:10658800F3E74FF0FF3070474FF0FF30EDE74FF083
:10659800FF30EAE74FF0FF30E7E74FF0FF30E4E77E
:1065A80018000020584B9B7C834200F09C8010B55B
:1065B80082B00446002844D0534B586819680DF13E
:1065C800070301220979007801F032FC002840F025
:1065D8008C809DF8073023F020038DF807304A4B54
:1065E800586819680DF1070301220979007801F04C
:1065F8000DFC00287CD10320FCF7DCFB02238DF87E
:106608000730414B93F8223013B182238DF80730BD
:106618003D4B93F823302BB19DF8073043F03003FE
:106628008DF80730384B586819680DF107030122B7
:10663800097D007801F0EAFB002844D04FF0FF30D4
:1066480044E0314B586819680DF1070301220979B4
:10665800007801F0EDFB00284DD12B4B9B7A13F00D
:10666800010F35D09DF8073043F020038DF807302F
:10667800254B586819680DF107030122097900783C
:1066880001F0C4FB002839D10320FCF793FB1E4B13
:1066980093F822301BB380238DF807301A4B93F8F8
:1066A80023302BB19DF8073043F030038DF80730C5
:1066B800154B586819680DF107030122097D007808
:1066C80001F0A4FBE8B9104B9C74002002B010BD87
:1066D8009DF8073023F020038DF80730C8E7002322
:1066E8008DF80730DAE7002070474FF0FF30EDE70C
:1066F8004FF0FF30EAE74FF0FF30E7E74FF0FF30A9
:10670800E4E74FF0FF30E1E7180000201B4B93F857
:10671800233083422DD010B582B0044628B33023ED
:106728008DF80730154B9B7C2BB19DF8073043F053
:1067380002038DF80730114B93F822302BB19DF8E6
:10674800073063F07F038DF807300C4B58681968E1
:106758000DF107030122097D007801F057FB50B9BC
:10676800064B83F8234002B010BD00238DF8073094
:10677800D8E7002070474FF0FF30F4E718000020FA
:1067880028285FD810B582B00446B8B90020FFF7B2
:10679800BDFF00238DF8043007238DF805302E4BFC
:1067A8005868196801AB0222897C007801F02EFB39
:1067B80000284AD1284B187502B010BD0120FFF7F8
:1067C800A5FF20238DF80430012C26D0052C2BD9C9
:1067D800142C30D802238DF805300A20FFF7A4FDC9
:1067E8009DF805309B0143F007038DF805301A4BDF
:1067F8005868196801AB0222897C007801F006FB11
:1068080030BB154B08229A7200241C7301221A759A
:106818002046FFF735FE2046CEE700238DF80530E9
:106828000520FFF781FDDBE701238DF80530052002
:10683800FFF77AFDD4E703238DF805301420FFF71E
:1068480073FDCDE74FF0FF3070474FF0FF30B3E7EF
:106858004FF0FF30B0E700BF18000020264B9B7AAE
:10686800002B40D010B582B00446234B93F8243057
:10687800002B3BD1204B1B7D33B1431E9BB2272BF2
:106888000AD90020FFF77CFF032C0AD9B4F57A7FD8
:1068980008D94FF47A7405E0C0B2FFF771FF002001
:1068A8001FE004244FF47A7090FBF4F4013C8DF857
:1068B8000740114B586819680DF107030122497800
:1068C800007801F0A3FAA0B99DF80700431C4FF423
:1068D8007A7090FBF3F0084BD8814008FFF724FD4D
:1068E800002002B010BD4FF0FF3070474FF0FF306E
:1068F800F7E74FF0FF30F4E71800002010B582B03A
:10690800044610F0700F50D001238DF80730334B38
:10691800586819680DF107030122897C007801F095
:1069280075FA00284AD19DF8073003F0BF032B4AB7
:10693800137300238DF8073014F0400F02D104239D
:106948008DF8073014F0200F05D19DF8073043F07B
:1069580002038DF8073014F0100F05D19DF80730A9
:1069680043F001038DF8073014F0080F05D19DF8A6
:10697800073043F038038DF80730184B586819680A
:106988000DF107030122C97C007801F03FFAD8B95C
:106998000CB1082C1ED1114B9C7200241C7532209E
:1069A800FCF708FA204602B010BD18B100238DF894
:1069B8000730ACE740238DF80730A8E7074B0022E3
:1069C8009A724FF0FF30EEE7044B00229A724FF0B4
:1069D800FF30E8E70020FFF799FEDCE71800002009
:1069E80010B582B080238DF80030674B586819685D
:1069F8006B460122897C007801F008FA002840F0F3
:106A0800A4806420FCF7D6F900238DF800305E4B93
:106A1800586819686B460122897C007801F0F6F9FC
:106A2800002840F09580584B586819686B46062234
:106A3800897D007801F0FCF9002840F08C809DF8F1
:106A48000510890001F004019DF803305B0003F094
:106A5800020319439DF9013003F00103194352D091
:106A6800012946D0022948D1474B0022DA74464B07
:106A7800FF229A721A725A72DA724FF6FF71D9812E
:106A88001A749A7401221A7383F82220002283F858
:106A980023205A751A75C3F81620C3F81A20C3F8AC
:106AA8001E2083F8242083F82520DA844FF4FA6026
:106AB800FFF760FB002854D10220FFF7C9FB00282C
:106AC80052D12A20FFF730FC002850D13220FFF79E
:106AD800C5FE00284ED1FFF7D3FC00284DD1FFF7A3
:106AE80061FD044600284BD1FFF708FF204602B09D
:106AF80010BD254B0122DA74B9E7244802F0C2F828
:106B08004FF0FF34F2E7204B586819686B460122B2
:106B1800C978007801F08CF900BB9DF8003013F0BB
:106B28000F0305D0042B09D0174B0022DA749EE717
:106B3800174802F009F94FF0FF34D7E7154802F07B
:106B480003F9114B0122DA7491E74FF0FF34CDE7D6
:106B58004FF0FF34CAE74FF0FF34C7E74FF0FF3478
:106B6800C4E74FF0FF34C1E74FF0FF34BEE74FF002
:106B7800FF34BBE74FF0FF34B8E74FF0FF34B5E719
:106B88004FF0FF34B2E700BF180000204818010892
:106B980070180108BC1801083AB370B582B00C46E9
:106BA8001646194B9B7A1BB3030A8DF80430C0B202
:106BB8008DF805000844144B5D686B8998421ADC0F
:106BC800114B196801AB0222097E287801F01EF9E1
:106BD800A0B90D4B586819683346E2B2497D007870
:106BE80001F014F968B902B070BD4FF0FF3070477A
:106BF8004FF0FF30F7E74FF0FF30F4E74FF0FF308A
:106C0800F1E74FF0FF30EEE7180000203AB370B517
:106C180082B00C461646194B9B7A1BB3030A8DF8B3
:106C28000430C0B28DF805000844144B5D686B89C8
:106C380098421ADC114B196801AB0222097E2878A8
:106C480001F0E4F8A0B90D4B586819683346E2B270
:106C5800497D007801F0ECF868B902B070BD4FF0DA
:106C6800FF3070474FF0FF30F7E74FF0FF30F4E7A1
:106C78004FF0FF30F1E74FF0FF30EEE7180000204B
:106C88002DE9F04F87B09A46294B93F82530002B11
:106C98003CD107468846914600293AD00024BC4298
:106CA8001BD23E1B102EA8BF1026B5B208EB040B52
:106CB8005A4629462046FFF76FFF68BB02AA2946B5
:106CC8002046FFF7A3FF50BB2A4602A9584601F009
:106CD80053FF38BB2C44A4B2E1E74FEA19238DF8DF
:106CE80004308DF80590124B5868196801AB0222E0
:106CF800897E007801F08AF8B8B90D4B012283F833
:106D08002520A3F826A007B0BDE8F08F4FF0FF308C
:106D1800F9E74FF0FF30F6E74FF0FF30F3E74FF0B9
:106D2800FF30F0E76FF00100EDE74FF0FF30EAE7E2
:106D380018000020234B93F8243083423CD030B510
:106D480083B018B31F4B93F82530002B36D00020A2
:106D5800FEF796FE0020FFF725FC1A4DE88CFFF79A
:106D68007DFD00248DF8074068680DF107030122B6
:106D78002321007801F04AF8012085F82400FEF765
:106D88007FFEFFF7DDF8204603B030BD0020FEF798
:106D980077FE0C4D2B7C8DF8073068680DF10703E2
:106DA80001222321007801F031F8002485F82440DD
:106DB800FFF7C6F82046E7E7002070474FF0FF309E
:106DC800E2E700BF180000202DE9F04188B0054631
:106DD8000E463D4B93F82470FFB901A8FFF7ACF9B4
:106DE8000DF10700FFF712FA6846FFF77BFA0DF17D
:106DF8000200FFF7E3FA344B93F80A800DF106001E
:106E0800FFF736FB0024012C0CDC00223146284613
:106E1800FEF782FE30B10134F5E70020FFF78AFF64
:106E28000127DAE7022C1FD00024012C07DC0122FD
:106E380002A905A8FEF770FE08B10134F5E7022C97
:106E480014D002A93046FEF747FDC6B205A9284668
:106E5800FEF796FD10F0FF0F04D000243EB944F071
:106E6800020404E00124F9E7002400E00024164BA2
:106E7800FF221A725A72DA724FF6FF71D9819A722A
:106E88001A7401221A73BDF80400FFF773F99DF80C
:106E98000700FFF7DDF9BDF80000FFF745FABDF878
:106EA8000200FFF7DBFC4046FFF728FD9DF80600CF
:106EB800FFF7E6FA1FB9204608B0BDE8F0810120C7
:106EC800FFF738FFF7E700BF1800002010B588B0BB
:106ED80002A905A8FFF778FF032802D0012008B00F
:106EE80010BD01A8FFF778FA019C0598F9F720FF73
:106EF8002146F9F771FFFAF735F905900698F9F781
:106F080017FF2146F9F768FFFAF72CF9069007985A
:106F1800F9F70EFF2146F9F75FFFFAF723F9079013
:106F280005A800F04DFA0DF10200FFF77BFABDF855
:106F38000220029B02FB03F30293039B02FB03F371
:106F48000393049B02FB03F3049302A800F0C0FA26
:106F58000020C4E790F90030002B01DD00207047C5
:106F68000FDB90F90130002B01DD012070470ADBAF
:106F780090F90230002B08DC01DB0720704706205F
:106F8800704704207047052070470220704738B5C5
:106F98000546FFF7DFFF0446E81CFFF7DBFF44EA7E
:106FA800C00424B2A81DFFF7D5FF44EA801080B2C0
:106FB80038BD704708B5FFF713FDC0BB7820FFF751
:106FC8009DFC10F0FF0F01D0012031E07820FFF781
:106FD80057FA10F0FF0F2CD16420FFF73FFC10F098
:106FE800FF0F28D100F03AF910F0FF0F25D118480B
:106FF800FFF7CDFF00F03EF910F0FF0F1FD140F270
:10700800731000F0FDFC10F0FF0F1AD1642000F09F
:10701800D9FA10F0FF0F16D1FFF758FFA8B90120D1
:10702800FFF788FE10F0FF0002D0092000E00A20D8
:1070380008BD0220FCE70320FAE70420F8E7052052
:10704800F6E70620F4E70720F2E70820F0E700BF9C
:107058000C000020000000002DE9F04F8FB006461C
:10706800029193460DF1210301930DF12203009340
:107078000DAB04AA09A90BA800F0CEFD002840F02A
:10708800C780BDF8223013F4807F00F0C3800498D5
:10709800F9F74EFE4FF04251F9F79EFE82460598E9
:1070A800F9F746FE4FF04251F9F796FE0546069865
:1070B800F9F73EFE4FF04251F9F78EFE0446079865
:1070C800F9F736FE4FF04251F9F786FE07464FF0C2
:1070D80040412846F9F780FE81463946F9F77CFE9B
:1070E800804651465046F9F76FFD03902146F9F75F
:1070F80073FE01464046F9F767FDF9F7F5F909F01F
:1071080019FF45A3D3E90023F9F746FAF9F706FD75
:10711800306021462046F9F757FD80463946F9F791
:107128005BFE064629460398F9F756FE01463046A7
:10713800F9F74AFD064629464846F9F74DFE8146C5
:1071480021464046F9F748FE01464846F9F73AFD18
:107158004FF07E51F9F738FDF9F7C6F980468946B0
:107168003046F9F7C1F942464B4609F00BFF2AA30E
:10717800D3E90023F9F710FAF9F7D0FC029B18605D
:1071880021462846F9F728FE064639465046F9F7BB
:1071980023FE01463046F9F717FD0146F9F714FDBD
:1071A800064651465046F9F717FE804629462846B6
:1071B800F9F712FE01464046F9F706FD0546214655
:1071C8002046F9F709FE01462846F9F7FBFC044674
:1071D80039463846F9F700FE01462046F9F7F2FC31
:1071E800F9F782F904460D463046F9F77DF922464B
:1071F8002B4609F0C7FE08A3D3E90023F9F7CCF919
:10720800F9F78CFCCBF8000000200FB0BDE8F08F38
:107218000120FAE70220F8E76666666666A64C4033
:1072280038B50446C578437813F0010F09D005F046
:107238003F00C00805F007010131074B1B6803B187
:107248009847637813F0080F04D0034B5B680BB1C1
:10725800A8099847002038BD6010002008B5C82349
:107268004FF48062024940F6F630FFF709FD08BD89
:107278006419010810B586B004464C4B1B68ADF87C
:107288000C301B0C8DF80E30494B1B68ADF80830DC
:107298001B0C8DF80A30474B1B68ADF804301B0CEB
:1072A8008DF80630444B1B68ADF800301B0C8DF888
:1072B800023000F0030101F118030DEB030111F88E
:1072C8000C3C8DF81430C0F3C10202F118030DEB29
:1072D800030212F80C3C8DF81530C0F381131833F3
:1072E8006B4413F80C0C8DF8160011F8101C8DF86F
:1072F800101012F8102C8DF8112013F8103C8DF88E
:10730800123005AA032140F22640FFF745FC002869
:1073180040D104AA032140F22A40FFF73DFC00288F
:107328003BD1019BADF814301B0C8DF81630009B37
:10733800ADF810301B0C8DF8123014F0040F05D086
:1073480037238DF8143027238DF8103014F0200FD0
:1073580005D057238DF8153047238DF8113014F4D4
:10736800807F05D077238DF8163067238DF812308B
:1073780005AA03214FF48860FFF70EFC80B904AA20
:10738800032140F23140FFF707FC60B90B4B1C8129
:1073980006B010BD4FF0FF30FAE74FF0FF30F7E7C7
:1073A8004FF0FF30F4E74FF0FF30F1E72C190108F8
:1073B8003019010834190108381901086010002033
:1073C80030B585B0404B1B8903F0030250F82220EA
:1073D800019213F0040F01D052420192C3F3C1028B
:1073E80050F82220029213F0200F01D0524202924C
:1073F800C3F3811250F82220039213F4807F01D046
:1074080052420392019BD817304AA3FB023102FB78
:1074180000119B0F43EA810301930299C817A1FB4E
:10742800021502FB0055890F41EA85050295039C68
:10743800E017A4FB024102FB0012A40F44EA8204F5
:1074480003941A0E8DF80020C3F307428DF801202B
:10745800C3F307228DF802208DF803306A46042111
:107468004FF47470FFF798FB40BB2B0E8DF800307B
:10747800C5F307438DF80130C5F307238DF80230B3
:107488008DF803506A4604214FF47570FFF784FBAA
:10749800B8B9230E8DF80030C4F307438DF80130D6
:1074A800C4F307238DF802308DF803406A4604219F
:1074B8004FF47670FFF770FB05B030BD4FF0FF302A
:1074C800FAE74FF0FF30F7E76010002009E3CA023F
:1074D80010B588B004460DF10600FEF7A3FFBDF80D
:1074E80006C04FEACC3C364B1A8902F0030354F825
:1074F8002330059312F0040F01D05B420593C2F3C9
:10750800C10354F82330069312F0200F01D05B42D8
:107518000693C2F3811354F82330079312F4807F43
:1075280001D05B4207930599CA17A1FB0C130CFB0A
:107538000233890F41EA83010591069AD017A2FB0D
:107548000C230CFB0033920F42EA83020692079B3E
:10755800DC17A3FB0C300CFB040C9B0F43EA8C03D9
:107568000793080E8DF80800C1F307408DF809004D
:10757800C1F307208DF80A008DF80B10110E8DF855
:107588000C10C2F307418DF80D10C2F307218DF8D6
:107598000E108DF80F201A0E8DF81020C3F3074235
:1075A8008DF81120C3F307228DF812208DF81330BF
:1075B80002AA0C214FF42570FFF7EEFA08B010BDAF
:1075C8006010002010B586B00446164B93E80700FB
:1075D80006AB03E90700C82C1AD8C82393FBF4F3B9
:1075E800013B1A0E8DF804208DF8053001AA0221FE
:1075F80040F21620FFF7D0FA68B903AA0C2140F62A
:10760800C120FFF7C9FA48B9074B9C8106B010BDE5
:107618004FF0FF30FAE74FF0FF30F7E74FF0FF3059
:10762800F4E700BF3C1901086010002070B582B073
:10763800044610F0070F00F0AC800846B1F5C86F9B
:1076480000F2AA80F9F770FB5B49F9F779FC054667
:107658000DF10300FEF7DAFD9DF80330023B0E2B17
:1076680000F29D80DFE803F0089B2C9B9B9B3C9BD2
:107678009B9B9B9B9B9B4C004FF08D412846F9F7A9
:10768800ABFBF9F795FD86B24C492846F9F7A4FB00
:10769800F9F78EFD80B2330A8DF804308DF8056055
:1076A800030A8DF806308DF8070014F0010F37D162
:1076B80014F0020F48D114F0040F58D1002070E0E4
:1076C8004FF08C412846F9F787FBF9F771FD86B230
:1076D8003B492846F9F780FBF9F76AFD80B2DAE7FB
:1076E8004FF08B412846F9F777FBF9F761FD86B231
:1076F80034492846F9F770FBF9F75AFD80B2CAE712
:107708004FF08A412846F9F767FBF9F751FD86B231
:107718002D492846F9F760FBF9F74AFD80B2BAE728
:1077280001AA02214FF4EA70FFF736FA00283AD18D
:107738000DF1060202214FF49270FFF72DFA00288E
:10774800B6D04FF0FF302CE001AA02214FF4EC70C4
:10775800FFF722FA50BB0DF1060202214FF4947094
:10776800FFF71AFA0028A6D04FF0FF3019E001AA57
:1077780002214FF4EE70FFF70FFAD0B90DF10602AF
:1077880002214FF49670FFF707FA50B14FF0FF301F
:1077980007E04FF0FF3004E04FF0FF3001E04FF01A
:1077A800FF3002B070BD4FF0FF30FAE74FF0FF3006
:1077B800F7E74FF0FF30F4E7000048430000404689
:1077C8000000C045000040450000C04400B583B03B
:1077D80000238DF8073010F0010F02D030238DF808
:1077E800073010F0020F05D09DF8073043F00C0366
:1077F8008DF8073010F0040F05D09DF8073043F0DE
:1078080003038DF807300DF1070201214FF4A4702E
:10781800FFF7C2F903B05DF804FB00B583B020B1EF
:107828000346042802D9042300E00123013B8DF814
:1078380007300DF10702012140F24F10FFF7ACF9B4
:1078480003B05DF804FB000000B583B0094BA3FB4F
:107858000030830A8DF80430C0F387008DF80500E6
:1078680001AA02214FF4EF70FFF796F903B05DF813
:1078780004FB00BFCDCCCCCC00B583B0094BA3FB37
:107888000030830A8DF80430C0F387008DF80500B6
:1078980001AA02214FF4ED70FFF77EF903B05DF8FD
:1078A80004FB00BFCDCCCCCC00B583B00E4B83FB22
:1078B8000023C017C0EBA31000FB01F10B0E8DF8DD
:1078C8000430C1F307438DF80530C1F307238DF861
:1078D80006308DF8071001AA04214FF4AE70FFF7A7
:1078E8005BF903B05DF804FBD34D621000B583B0BB
:1078F800084BA3FB00308308800A8DF804008DF83C
:10790800053001AA02214FF4AD70FFF745F903B025
:107918005DF804FBCDCCCCCC00B583B0084BA3FB01
:1079280000308308800A8DF804008DF8053001AA1C
:1079380002214FF4AC70FFF72FF903B05DF804FB98
:10794800CDCCCCCC00B585B068B10D4A01AB07CA27
:1079580003C31A7001AA09214FF49760FFF71CF9B5
:1079680005B05DF804FB074A01AB07CA03C31A70E8
:1079780001AA09214FF49760FFF70EF9F0E700BF5D
:107988004C1901085819010800B583B0B0B1C023DB
:107998008DF80430C2238DF80530C4238DF80630E5
:1079A800C6238DF8073001AA042140F69820FFF776
:1079B800F3F8FEF7C5FA03B05DF804FB4FF08B331C
:1079C8000193F0E700B583B0B0B120238DF80430FF
:1079D80028238DF8053030238DF8063038238DF8AC
:1079E800073001AA042140F69E20FFF7D5F8FEF7DC
:1079F800A7FA03B05DF804FB4FF0A3330193F0E757
:107A08002DE9F04184B0044602238DF80430CA23DE
:107A18008DF80530E3238DF8063009238DF80730FB
:107A280001AA04216820FFF7B7F8A3238DF80430D2
:107A380014F0400800F0B080C0238DF80530C8234A
:107A48008DF80630C2238DF8073014F4C07500F0A5
:107A5800AB80C4238DF80830CC238DF80930C623B9
:107A68008DF80A30A3238DF80B308DF80C308DF883
:107A78000D3001AA0A2140F6A720FFF78DF814F06F
:107A8800030700F0998020238DF8043001AA012112
:107A980040F6B620FFF780F814F0200F00F0908031
:107AA8000120FFF74FFFADB114F4807F00F08C8008
:107AB800B2238DF804308B238DF80530B6238DF86A
:107AC80006309B238DF8073001AA042140F6A22036
:107AD800FFF762F814F0010F00F08380F8238DF8A7
:107AE800043001AA01214FF40B60FFF755F8FA2181
:107AF8000720FFF79BFD0720FFF768FE0120FFF72F
:107B08008CFE6420FFF7A0FE4FF4FA70FFF7B4FE76
:107B1800C8213F48FFF7C8FE2820FFF7E7FE0A20E4
:107B2800FFF7FAFE14F0020F65D0D9238DF8043060
:107B380001AA012140F23D70FFF72EF814F0040F5E
:107B48005DD00120FFF720FF14F0100F5BD001205B
:107B5800FFF738FF2F4E44F008037381FEF7F0F962
:107B68000023B373B8F1000F01D00622B2731DB120
:107B7800284A937B0633937314F0140F03D0254AD5
:107B8800937B103393731FB1224A937B043393730F
:107B9800002004B0BDE8F081A3238DF805308DF8EE
:107BA80006308DF8073050E7A3238DF808308DF89C
:107BB80009308DF80A3055E7D8238DF8043065E789
:107BC8000020FFF7BFFE6EE7B0238DF80430802356
:107BD8008DF80530B4238DF8063090238DF80730E2
:107BE80072E7D8238DF8043001AA01214FF40B6005
:107BF800FEF7D2FF96E7D8238DF8043098E70020E7
:107C0800FFF7C2FEA0E70020FFF7DCFEA2E700BFF7
:107C180009E3CA02601000202DE9F0478CB006463F
:107C28000F4692469846149D00232B80159A04A966
:107C3800754B987BFEF756FC002840F0E1808146A2
:107C4800714B5B8913F0140F64D09DF810209DF8D8
:107C58001100000440EA02609DF8122040EA022068
:107C68009DF813201043CAF800009DF814109DF8E1
:107C78001520120442EA01629DF8161042EA012218
:107C88009DF817100A43CAF804209DF818409DF87B
:107C98001910090441EA04619DF81A4041EA0421D7
:107CA8009DF81B402143CAF808109DF81CC09DF898
:107CB8001D40240444EA0C649DF81EC044EA0C24C8
:107CC8009DF81FC044EA0C04CAF80C400014009048
:107CD8004FEA224CCDF804C00914029122140392F1
:107CE8000CFB0CFC00FB00C001FB010102FB0212B3
:107CF80002F17142B2F1007F05D82A8842F48072FD
:107D08002A80102207E0FEF71BF900232B804FF092
:107D1800FF396CE0002213F0400F2FD002F1300140
:107D2800694411F8204C02F131010DEB010010F803
:107D3800201C41EA0421398002F13201694411F81A
:107D4800204C02F133010DEB010010F8201C41EA30
:107D58000421798002F13401694411F8204C02F1C0
:107D680035010DEB010010F8201C41EA0421B9800F
:107D78000632D2B2298841F00801298013F4C07F65
:107D88002FD002F13001694411F8204C02F1310181
:107D98000DEB010010F8201C41EA0421318002F1AA
:107DA8003201694411F8204C02F133010DEB010056
:107DB80010F8201C41EA0421718002F13401694461
:107DC80011F8204C02F135010DEB010010F8201CD0
:107DD80041EA0421B1800632D2B2298841F070010B
:107DE800298013F0030F06D14046FFF7E2F8484612
:107DF8000CB0BDE8F08704AB9818FFF711FAF3E769
:107E08004FF0FF39F3E700BF6010002010B584B0D1
:107E180040F6FF7402940192009301230A4600FA87
:107E280003F10248FBF7AEFD04B010BDDC0A0020E8
:107E380010B584B040F6FF740294019200930123B8
:107E48000A4600FA03F10248FBF74EFE04B010BDE3
:107E5800DC0A002010B5114C00212046FCF7F4FF85
:107E680004212046FCF7F0FF0C212046FCF7ECFF2C
:107E780008212046FCF7E8FF094C00212046FCF7C2
:107E8800E3FF04212046FCF7DFFF0C212046FCF726
:107E9800DBFF08212046FCF7D7FF10BD8C0D002022
:107EA800D40D0020B0F57A7F02DA002803DB704792
:107EB80040F2E730704700207047000038B5564B55
:107EC800B3F90020554BB3F90010554800F090FA6B
:107ED800544DF9F747F92880534BB3F90020534B19
:107EE800B3F90010524800F083FAF9F73BF9514B07
:107EF8001880514BB3F90020504BB3F9001050488B
:107F080000F076FAF9F72EF94E4B18804E4BB3F97C
:107F180000204E4BB3F900104D4800F069FAF9F70C
:107F280021F904B24B4B1C80B5F9000000283DDB59
:107F3800494B1D6800236B630028B8BF404200B25C
:107F4800FFF7B0FFB430A8633A4BB3F9000000283C
:107F580039DB414B1D680023EB630028B8BF404262
:107F680000B2FFF79FFFB4302864002C38DB3B4B8E
:107F78001D6800236B6384EAE470A0EBE47000B230
:107F8800FFF790FF7830A8632E4BB3F90000002864
:107F980034DB324B1C680023E3630028B8BF40423F
:107FA80000B2FFF77FFF7830206438BD0028B8BFE3
:107FB800404200B2FFF776FF274B1B68B430586386
:107FC80000229A63C0E70028B8BF404200B2FFF71A
:107FD80069FF214B1B68B430D86300221A64C4E7D8
:107FE80084EAE470A0EBE47000B2FFF75BFF1B4B80
:107FF8001B687830586300229A63C5E70028B8BF29
:10800800404200B2FFF74EFF144B1B687830D8632C
:1080180000221A64C9E700BF101100204011002097
:1080280044000020081100201411002042110020F3
:10803800640000200A1100201811002044110020BB
:10804800840000200C1100201C1100204611002083
:10805800A40000200E1100208C0D0020D40D00205B
:1080680010B4054C20600548016005490A60054ABE
:10807800136010BC704700BF1011002014110020BD
:10808800181100201C1100200A4B1B688BB910B571
:10809800A4B09024224608496846F9F765FA2246B2
:1080A80069460648F9F760FA024B01221A6024B0C3
:1080B80010BD7047041100205017010874100020EB
:1080C80047F22F53984211D8994243D9A1F5EA4370
:1080D800303B41F2883293423ED9A1F50841B93983
:1080E80047F24673994239D900207047A0F5EA4310
:1080F800303B41F28832934211D847F230539942CB
:108108002ED9A1F5EA43303B93422BD9A1F508417A
:10811800B83947F24773994226D900207047A0F52D
:108128000840B93847F2467398421FD847F22F5390
:1081380099421DD9A1F5EA43303B41F28832934276
:1081480018D9A1F50841B93947F24673994213D9AC
:1081580000207047082070470120704702207047B0
:1081680007207047002070470320704700207047A1
:1081780006207047052070470420704738B504462C
:108188000D46224B1B6873B329462046FFF798FF1C
:10819800034602011E49885820B1002826DD1D4AE1
:1081A800127810441A4A02EB0312516821B10029CF
:1081B80020DD184A12781144154A02EB031292681E
:1081C80022B1002A1ADD134C24782244104C04EB07
:1081D8000313DB6823B1002B14DD0E4C24782344F1
:1081E800FFF73EFF38BDFFF74FFFCDE7094A12788A
:1081F800801AD7E7074A1278891ADDE7054C2478F0
:10820800121BE3E7034C24781B1BE9E70411002049
:108218007410002070100020034600B901B1591AEB
:10822800322000FB01F1044880FB01300844C917E3
:10823800C1EB6020704700BF0308208038B52D4B84
:1082480019682D4B1868FFF7E7FF2C4B18702C4D59
:108258002C4C29682068FFF791FF29682068FFF7F0
:108268002FFF30B138BD481D034602460146FFF7CF
:10827800F7FE204B1968204B1868FFF7CDFFC1B2F5
:108288001E4B1970204B1B68012BECD01F4B1B6831
:10829800012B12D01E4B1B68012B17D01D4B1B68DE
:1082A800012B1CD01C4B1B68012BDBD100231A4669
:1082B80019461846FFF7D4FEDBE76FF00400401AB2
:1082C800034602460146FFF7CBFED2E76FF00400F3
:1082D800401A053103460A46FFF7C2FEC9E7481DA2
:1082E800C1F1FF2101F57F01FB3103460A46FFF783
:1082F800B7FEBEE7D00C0020CC0C00207010002088
:10830800300C0020340C00208C0B0020500B002077
:10831800840B0020540B0020880B0020024B586A65
:1083280000225A62704700BF00040040024B586A9E
:1083380000225A62704700BF00080040024B586A8A
:1083480000225A62704700BF000C0040024B586A76
:1083580000225A62704700BF0034014008B5F8F7A0
:10836800E7FC0749F8F7ECFD0649F8F735FDF8F79B
:10837800BBF80022044BF7F759FFF8F7A7FB08BD35
:108388000000C3440000B4430000E03F144BB3F9BD
:108398000030B3F5FA7F03DDA3F5FA63104A1380C2
:1083A800104BB3F90030B3F5FA7F03DDA3F5FA6398
:1083B8000C4A13800C4BB3F90030B3F5FA7F03DD98
:1083C800A3F5FA63084A1380084BB3F90030B3F5F4
:1083D800FA7F03DDA3F5FA63044A1380704700BFF0
:1083E80040110020421100204411002046110020B5
:1083F8002DE9F8430446501AF8F79AFC0546E06060
:10840800276826693146F8F7DDFB01463846F8F754
:10841800E3FC074661682846F8F7DEFC0146384663
:10842800F8F7D2FB0746D4F8089061692846F8F7B0
:10843800CBFB804631463046F8F7C6FB014640463E
:10844800F8F7C0FB01464846F8F7C6FC014638462F
:10845800F8F7BAFBE061A169F8F7B6FBA0616661BD
:108468002561BDE8F88300002DE9F04104461E4669
:10847800501AF8F75DFC0546E168F8F7A5FBE060DF
:108488002049F8F765FE08B11E4BE3601E49E06815
:10849800F8F740FE08B11C4BE36021692846F8F75D
:1084A80091FB804629462068F8F796FC0746E16864
:1084B8006068F8F791FC01463846F8F785FB0746EF
:1084C8004146A068F8F788FC01463846F8F77CFB77
:1084D800074625613046F8F72BFC04463946F8F77D
:1084E80023FE00B93C467042F8F722FC05462146B7
:1084F800F8F724FE00B925462846F8F733FEBDE80C
:10850800F08100BF00409C4500409CC582B000231C
:108518000193019302E0019B01330193019B022B1C
:10852800F9D902B07047000010B5104C01224FF481
:1085380080512046FAF7B8FE01224FF40061204628
:10854800FAF7B2FEFFF7E2FF00224FF4805120460F
:10855800FAF7AAFEFFF7DAFF00224FF4006120467F
:10856800FAF7A2FEFFF7D2FF10BD00BF00140140CA
:1085780010B50B4C00224FF480512046FAF794FEB8
:1085880001224FF400612046FAF78EFEFFF7BEFF86
:1085980001224FF480512046FAF786FE10BD00BF35
:1085A8000014014010B50D4C01224FF480512046B3
:1085B800FAF77AFEFFF7AAFF01224FF4006120467E
:1085C800FAF772FEFFF7A2FF00224FF4006120467F
:1085D800FAF76AFEFFF79AFF10BD00BF00140140CA
:1085E80070B50446002516E000224FF4805110486B
:1085F800FAF75AFE0E4E01224FF400613046FAF7A0
:1086080053FE6400E4B200224FF400613046FAF7EA
:108618004BFE0135EDB2072D09D814F0800FE3D0D9
:1086280001224FF480510248FAF73EFEE2E770BD9E
:108638000014014038B504460D46FFF775FF782051
:10864800FFF7CEFFFFF7AEFF65B14020FFF7C8FF89
:10865800FFF7A8FF2046FFF7C3FFFFF7A3FFFFF7C9
:1086680087FF38BD0020FFF7BBFFF1E710B50446D0
:1086780010B1012C05D010BD0021A620FFF7DAFFAC
:10868800F7E70021A720FFF7D5FFF4E710B5044668
:1086980010B1012C09D010BD0021C820FFF7CAFF76
:1086A8000021A120FFF7C6FFF3E70021C020FFF754
:1086B800C1FF0021A020FFF7BDFFECE708B50021AE
:1086C8008D20FFF7B7FF00211420FFF7B3FF00212B
:1086D800AF20FFF7AFFF08BD38B5002510E0184BF5
:1086E80003EBC403585DFFF77BFFFFF75BFF013423
:1086F800E4B214F0800FF2D0FFF73AFF0135EDB283
:10870800072D1BD8A5F150000021C0B2FFF792FF3A
:1087180000210846FFF78EFF00211020FFF78AFF8F
:10872800FFF702FF7820FFF75BFFFFF73BFF4020D2
:10873800FFF756FFFFF736FF0024DAE738BD00BF22
:108748004811002008B500200BE0094A02EBC302DB
:10875800002111540133DBB213F0800FF5D0013042
:10876800C0B2072801D80023F6E7FFF7B5FF08BD18
:10877800481100204FEAD10C01F0070101238B407A
:10878800DBB242B10C4A02EBC00010F80C201343D4
:1087980000F80C307047084A02EBC00010F80C20B3
:1087A800D243D2B200F80C20134300F80C30DB435C
:1087B80000F80C30704700BF481100202DE9F04F39
:1087C80085B0039001919A469DF83880082B12D005
:1087D80013F0070318BF012303EBDA034FEA5A012A
:1087E80001FB03F3DBB20293203A5FFA82FB039F9B
:1087F8004FF000093FE006230293F5E70BEB4B032C
:108808002D4A02EB430313F80960019D002419E087
:108818000BEB4B03294A02EB830313F80960F4E7D7
:10882800274B03EB0B1313F80960EEE7B8FA88F24D
:10883800520929463846FFF79DFF76080135EDB203
:108848000134E4B2072C08D816F0010FEED04246E6
:1088580029463846FFF78EFFEFE70137FFB2BAF136
:10886800080F04D0039BFB1AB3EB5A0F1AD009F177
:1088780001095FFA89F9029B994519D2BAF1080FE3
:10888800BCD0BAF10C0FC3D0BAF1100FC8D0BAF1EE
:10889800180F0DD10BEBCB030A4A02EB830313F835
:1088A8000960B2E7019B0833DBB20193039FDEE75F
:1088B80005B0BDE8F08F00BF6825010890270108C2
:1088C800042C0108F43101082DE9F04182B0044676
:1088D8000F4615461E469DF8208002E00634E4B295
:1088E80001352A78A2F12000C0B25E280CD8CDF854
:1088F8000080334639462046FFF760FF082EEDD04A
:1089080004EB5604E4B2EBE702B0BDE8F08102469E
:10891800012002E002FB00F019464B1EDBB20029E1
:10892800F8D170472DE9F04F83B007468846914645
:108938001D469DF830609DF834A0082E03D04FF0F6
:10894800000B002411E04FF0020BFAE730320BEB7A
:10895800560000FB0470CDF800A03346D2B2414661
:10896800C0B2FFF72BFF0134E4B2AC4220D2291B7E
:10897800C9B20139C9B20A20FFF7C9FFB9FBF0F043
:108988000D4AA2FB0032D20802EB8202A0EB42029F
:1089980012F0FF02DAD10BEB560000FB0470CDF8A1
:1089A80000A0334630224146C0B2FFF707FFDAE79E
:1089B80003B0BDE8F08F00BFCDCCCCCC10B5364CA1
:1089C80000224FF400512046FAF76EFCC820FAF74F
:1089D800F1F901224FF400512046FAF765FC002115
:1089E800AE20FFF727FE0021FD20FFF723FE002120
:1089F8001220FFF71FFE0021D520FFF71BFE0021E4
:108A08008020FFF717FE0021A820FFF713FE0021A2
:108A18003F20FFF70FFE0021D320FFF70BFE0021B8
:108A28000846FFF707FE00214020FFF703FE00215C
:108A3800A120FFF7FFFD0021C820FFF7FBFD002163
:108A4800DA20FFF7F7FD00211220FFF7F3FD0021E0
:108A58008120FFF7EFFD0021FF20FFF7EBFD00214C
:108A6800D920FFF7E7FD00212220FFF7E3FD0021D1
:108A7800DB20FFF7DFFD00213020FFF7DBFD0021C1
:108A8800A420FFF7D7FD0021A620FFF7D3FDFFF7AD
:108A980059FEFFF713FE10BD001401402DE9F04305
:108AA80083B08146884617461E4601240094102349
:108AB800194A00210846FFF707FF01941025009581
:108AC80002234A4600214020FFF72CFF019400951D
:108AD8000223424614210020FFF724FF0194009549
:108AE80002233A4614214020FFF71CFF0194009509
:108AF8000223324628210020FFF714FF0194009535
:108B08000223BDF9282028214020FFF70BFFFFF79B
:108B1800E3FD03B0BDE8F0835C2501080A220021CB
:108B280000F026BB014B1868704700BF14010020F5
:108B380070B50D4E0D4D761BB61006D0002455F8B5
:108B4800043B01349847A642F9D1094E094D08F073
:108B5800EDFD761BB61006D0002455F8043B013411
:108B68009847A642F9D170BDE8430108E8430108D7
:108B7800F0430108E8430108032A10B516D940EA72
:108B8800010C1CF0030F04460B4622D1194620465F
:108B9800D1F800E0D0F800C00433F44504F104042F
:108BA80017D1043A032A20461946EFD8541EA2B119
:108BB80000F1FF3C013901E0C3180CD01CF801EFAB
:108BC80011F8012FA4EB0C039645F5D0AEEB02008B
:108BD80010BD541EECE7184610BD104610BD00BF6E
:108BE800830730B548D0541E002A3FD00346CAB286
:108BF80001E0013C3AD303F8012B9D07F9D1032C7E
:108C08002DD9CDB245EA05250F2C45EA054536D9BB
:108C1800A4F1100222F00F0C03F1200EE6444FEAF3
:108C2800121C03F1100242E9045542E902551032C0
:108C38007245F8D10CF1010214F00C0F03EB02128B
:108C480004F00F0C13D0ACF1040323F00303043336
:108C5800134442F8045B9342FBD10CF003042CB19B
:108C6800CAB21C4403F8012B9C42FBD130BD6446B8
:108C78001346002CF4D1F9E703461446BFE71A4619
:108C8800A446E0E70FB400B5074A83B004AB106808
:108C980053F8042B8168019301F0D2FF03B05DF80B
:108CA80004EB04B0704700BF1401002030B505463E
:108CB80089B008460C4600F0F5F801210223214A44
:108CC80004940692AA6B04AC059008440194079199
:108CD800AC680293039022B3636E13F0010FB4F9EA
:108CE8000C309AB201D1980525D5910406D4626E4C
:108CF80043F4005322F40052A3816266284601AA75
:108D0800214605F0C1F8636E002814BF4FF0FF3507
:108D18000A25DA0702D4A3899B0506D5284609B097
:108D280030BD284604F0B8FED6E7A06D05F052FA2B
:108D3800284609B030BDA06D05F04AFAB4F90C30E8
:108D48009AB2D2E76C180108024B01461868FFF77F
:108D5800ADBF00BF140100200EB430B504466FF05B
:108D680000459CB00B4A1FAB0B49059253F8042BE6
:108D7800086802A9CDE9013407950495069400F026
:108D88000DFA0022029B1A701CB0BDE8304003B0F7
:108D9800704700BF0802FFFF1401002011F0FF0117
:108DA800034644D0820732D110B5046841EA012E47
:108DB8004EEA0E4E8EEA0402A2F1013323EA0203C0
:108DC800A4F1013222EA0402134313F0803F0FD1C9
:108DD80050F8044F84EA0E0CA4F10133ACF10132CF
:108DE80023EA040322EA0C02134313F0803FEFD076
:108DF800037823B936E010F8013F002B32D09942AE
:108E0800F9D110BD8A4211D09A071846CCD018461D
:108E180013F8012B002AF5D1104670479907184618
:108E280007D0184602780133002AF7D17047820725
:108E3800F7D10268A2F1013323EA020313F0803F5D
:108E480008D150F8042FA2F1013323EA020313F0EA
:108E5800803FF6D00378002BE8D010F8013F002BB4
:108E6800FBD17047184610BD10B58E460178B1B1D8
:108E7800044684469EF8000050B17246034602E05C
:108E880012F8013F23B18B42FAD1ACEB040010BDBC
:108E98001CF8011F0029EFD1ACEB0400F7E70846E6
:108EA80010BD00BF20F0030110F00300C0F1000066
:108EB80051F8043B00F1040C4FEACC0C6FF00002AF
:108EC8001CBF22FA0CF213434FF0010C4CEA0C2C95
:108ED8004CEA0C4CA3EB0C0222EA030212EACC1275
:108EE80004BF51F8043B0430F4D0C2F1000102EA97
:108EF8000102B2FA82F2C2F11F0200EBD2007047FF
:108F0800830730B428D10468A4F1013323EA0403A9
:108F180013F0803F034608D153F8045FA5F10134EC
:108F280024EA050414F0803FF6D01C781CB113F82D
:108F3800014F002CFBD19C4601391344634509D0ED
:108F480011F8012F0CF8012B22B19C45F6D1002312
:108F58008CF8003030BC70470346E6E7A2B330B562
:108F680040EA0104A40786460B462AD004780B7809
:108F7800A3422FD1012A0CD0844654B11CF8014FCA
:108F880011F8013F9C4225D16FEA0C031344C31822
:108F9800F3D1002030BD1946DEF800407046A4F138
:108FA800013323EA040C0B4653F8045B0EF1040E5C
:108FB800AC420BD1043AECD01CF0803FE9D17046AA
:108FC8001946032AE7D8D1E71046704704780B788A
:108FD8009C42D1D0E01A30BD024A012312685C32AB
:108FE80000F002B814010020F0B4074610B33E4662
:108FF8008C4616F8015B01E0A54216D01CF8014B1F
:10900800002CF9D1DDB10C4616F8015B01E0002B0C
:10901800F9D014F8013B9D42F9D14DB1002306F86F
:10902800013C38461660F0BC704763B13746DEE74E
:109038002E46F6E71768002FD9D13846F3E72846B9
:109048001560F0BC7047166038463B70EBE700BF10
:109058002DE9F04F81468E46444D70461EF801CBEF
:1090680015F80C4014F00804F7D1BCF12D0FE346B5
:1090780053D06FF00048BCF12B0F04BF9EF800B02E
:1090880000F1020E1BB1102B4FD01F4604E0BBF1BC
:10909800300F55D00A231F460025B8FBF7F628469F
:1090A80007FB168A07E0864215D329D0012507FB5E
:1090B80000C01EF801BBABF1300CBCF1090F06D99A
:1090C800ABF1410CBCF1190F08D8ABF1370C634573
:1090D8000DDD002DE7DA4FF0FF35EAE7ABF1610C63
:1090E800BCF1190F03D8ABF1570C6345F1DC002D27
:1090F8000BDB04B140420AB195BB1160BDE8F08FAB
:10910800E245D3DA4FF0FF35D3E72223C9F8003020
:109118001AB340460EF1FF31EFE79EF800B04FF06A
:109128000048012400F1020EACE7BBF1300FACD1CE
:109138009EF8000000F0DF00582807D01F46ABE774
:109148009EF8003003F0DF03582B0BD110279EF850
:1091580001B03B460EF1020E9EE74046BDE8F08F97
:109168008046D6E708231F4696E700BFD93F010887
:10917800012A10B50AD0242A08D8074C13460A46F3
:1091880001462068BDE81040FFF762BFFFF7CAFC40
:1091980016230360002010BD140100202DE9F04FB4
:1091A800D5B00C460C9191460E930A9005F008F83C
:1091B800036818461793FFF775FEA38916901906DA
:1091C80003D52369002B00F08F8700242BAB2246A0
:1091D80098464D46CDE9294428931294002300244B
:1091E800CDE914342B78CDE91922CDE91B22189248
:1091F8000892002B00F0CE81AA4604E01AF8013F3D
:10920800002B00F00981252BF8D1BAEB050640F0B8
:1092180007819AF80030002B00F0BC8100234FF042
:10922800FF324FF02B0920241F469AF8016007925D
:109238000AF1010A8DF8833009930AF1010AA6F1AF
:1092480020035A2B00F22081DFE813F0CA021E0126
:109258001E01C5021E011E011E01A3021E011E01E0
:109268006A00F3021E014702D9021E01D4025B0004
:109278005B005B005B005B005B005B005B005B000E
:109288001E011E011E011E011E011E011E01B0014C
:109298001E010B027A00B001B001B0011E011E01CF
:1092A8001E011E019E021E011E01B6001E011E01A6
:1092B8001E0119021E014C021E011E013F071E015C
:1092C8001E011E011E011E011E011E011E01B0010C
:1092D8001E010B027C00B001B001B00191027C00BC
:1092E80075001E0184021E017002B8005E0275003E
:1092F8001E01190272001C071E011E011F071E0114
:1093080072000022A6F130031AF8016B02EB820208
:1093180003EB4202A6F13003092BF5D909928EE737
:109328000E9B53F8042B002A09920E93C0F2D281A7
:109338009AF8006081E79AF8006047F020077CE718
:1093480047F01007BA060E9B40F17D81073323F0E2
:1093580007031A465B6852F8084B99460E92002B91
:10936800C0F27F85079B013301F0398054EA090375
:1093780027F0800B00F005850A2C79F1000380F0B6
:10938800938701235F4630348DF84F410B930DF2DC
:109398004F15079A0B9900238A42B8BF0A460692CE
:1093A8009DF883200D930F9313931093002A7CD07C
:1093B800069B0133069378E047F0100717F0200961
:1093C80000F032810E9B073323F00703D3F8049093
:1093D80053F8084B0E93002327F4806B00228DF876
:1093E8008320079A511C00F02A8254EA09012BF0C5
:1093F800800740F02382002A41F02B80002B40F0A8
:10940800C5841BF001030B9300F0548530230DF243
:109418004F158DF84F31BCE7BAEB050600F0BA805E
:109428002A9BC8E9005633442A93299B0133072B0A
:10943800299305DC08F10808089B33440893E8E6FB
:109448000C990A9828AA06F009F980B90DF1AC0818
:10945800F2E70C990A9828AA06F000F9002800F00B
:109468008A800D9B1BB10D990A9804F00DFC0C9B8A
:109478009B8913F0400F089B18BF4FF0FF330893E8
:10948800089855B0BDE8F08F002E00F083800123C6
:1094980000228DF8EC6006933BAD8DF883200B938A
:1094A8000D9207920F921392109217F0020302D0B6
:1094B80006990231069117F0840B07D1099906988D
:1094C800A1EB0009B9F1000F00F336832A9C82B1A1
:1094D8000122C8F80420299A013401320DF18301D0
:1094E800072A2A942992C8F8001000F3698308F122
:1094F80008087BB10223C8F80430299B02340133E1
:1095080021AA072B2A942993C8F8002000F36C831A
:1095180008F10808BBF1800F00F02E82079B0B9A18
:10952800A3EB020BBBF1000F00F37182FB0500F106
:10953800C5810B9BC8F800501C44C8F80430299B0F
:109548002A940133072B299300F3EA8208F10808CB
:109558007B0705D5099B069A9D1A002D00F35083B9
:10956800DDE9083206998A42ACBF9B185B1808935C
:10957800002C7FF46EAF002329930D9B1BB10D992E
:109588000A9804F081FB55460DF1AC082B78002BA6
:109598007FF432AE2A9B002B3FF469AF0C9C0A98EB
:1095A800214628AA06F05AF8A38962E70E9B0733DA
:1095B80023F00702F2E80234CDE91434DDE914346B
:1095C80024F00044994618460E9221464FF0FF3287
:1095D800B64BF8F71DF9002840F096844846214616
:1095E8004FF0FF32B14BF7F753FA002840F08C8464
:1095F800DDE9140100220023F7F740FA002840F0C3
:10960800A6879DF8832000210320A94DA94B27F0A8
:1096180080070D910690472EC8BF1D4607910B90F5
:109628000F9113911091C1E617F0100340F0628476
:1096380017F0400200F07B870E9A994652F8044BC7
:109648000E92A4B2C7E653F8044B0E93FB0600F142
:1096580041847D0640F13B8444F3C0394B4624B233
:109668007DE6012000220E9B069053F8041B3BADBB
:109678008DF883208DF8EC100E930B9010E74FF0C7
:1096880000090E9C079B54F8045B8DF88390002D0D
:1096980000F0EE865A1C00F060851A4649462846B6
:1096A80005F0B6F80D90002801F09E800D9B9DF8FE
:1096B80083205B1B0B9323EAE373CDF81C900E9475
:1096C8000693CDF83490CDF83C90CDF84C90CDF879
:1096D80040906BE6099B5B4209939AF8006047F05B
:1096E8000407AAE547F0100B1BF0200900F0AA8335
:1096F8000E9B073323F007031A4652F8084BD3F89A
:1097080004900E92012369E6302278260E9B8DF88C
:10971800842053F8044B684A0E934FF00009022343
:1097280047F0020B8DF88560189257E6BD0600F1E8
:10973800D683FC0600F19386780600F15D87B905AB
:1097480040F18D860E9B089953F8042B55461170ED
:109758000E931BE79AF800606C2E03BF9AF801601D
:1097680047F020070AF1010A47F0100765E59AF863
:109778000060682E03BF9AF8016047F400770AF189
:10978800010A47F0400758E59AF8006047F00807D3
:1097980053E50A9E304604F013FD436818461B93B0
:1097A800FFF780FB034630461C931E4604F008FD75
:1097B80083681993002E3FF4BBAD199B002B3FF42F
:1097C800B7AD199B1B78002B3FF4B2AD9AF8006037
:1097D80047F4806731E59AF8006047F001072CE507
:1097E8009DF88330002B7FF4A3AD9AF800608DF8C4
:1097F800834022E59AF8006047F080071DE552464D
:1098080012F8016B2A2E01F0EB81A6F13003092B27
:10981800924698BF002201F203801AF8016B02EB0E
:10982800820203EB4202A6F13003092BF5D9079215
:1098380005E59AF800608DF88390FEE4BB46012B9D
:109848003FF49AAD022B54AD12D1189A04F00F03CD
:10985800D35C240944EA09744FEA191905F8013D53
:1098680054EA0903F2D154AB5B1B5F460B9390E5B6
:1098780004F00703E40844EA49744FEAD90930338D
:1098880054EA09012A4605F8013DF1D11BF0010F00
:10989800E9D0302BE7D03023023A05F8013C54AB2D
:1098A8009B1A5F4615460B9373E500BFFFFFEF7FDA
:1098B800543F0108583F0108643F0108652E40F3F2
:1098C800E980DDE9140100220023F7F7CDF800282C
:1098D80000F0D2810123C8F80430299BBF4A013324
:1098E8000134072B2A942993C8F8002000F37A85BD
:1098F80008F10808229B129A934280F2D782169B9D
:10990800179A1C44C8E90023299B2A940133072B82
:10991800299300F3DD8308F10808129B5D1E002DD2
:109928007FF716AE102D41F34181DFF8B49222463D
:1099380049461026B946299B0F46DDF828B00C9CED
:1099480005E008F10808103D102D40F35885013353
:109958001032072BC8E90076CDE92932F1DD21461E
:10996800584628AA05F07AFE00287FF47AADDDE98A
:1099780029320DF1AC08E6E7099B069AA3EB020B26
:10998800BBF1000F7FF7CAADBBF1100F41F30580A3
:10999800DFF84C9241462046A8464C461023299AA7
:1099A8000C9DDDF8289006E0ABF1100BBBF1100F11
:1099B80001F1080119DD01321030072AC1E900431D
:1099C800CDE92920F0DD2946484628AA05F046FEBB
:1099D80000287FF446ADDDE92920ABF1100BBBF17F
:1099E800100F4FF010032BA9E5DC4546A146884629
:1099F800044601325C44072ACDE92924C8F80090BE
:109A0800C8F804B000F3188508F1080886E5BBF12A
:109A1800100F40F39785DFF8C89141462046A846C5
:109A28004C461023299A0C9DDDF8289006E0ABF1EE
:109A3800100BBBF1100F01F1080119DD01321030D4
:109A4800072AC1E90043CDE92920F0DD2946484627
:109A580028AA05F003FE00287FF403ADDDE92920DC
:109A6800ABF1100BBBF1100F4FF010032BA9E5DC85
:109A78004546A1468846044601325C44072ACDE99A
:109A88002924C8F80090C8F804B000F3CE8108F182
:109A980008084BE5129B012B40F37E810123299E88
:109AA80001341E44072EC8F800502A94C8F8043020
:109AB800299600F3E18108F10808169B0136179AE8
:109AC8001C44072EC8E90023CDE9296400F3E1818D
:109AD80008F108080022DDE914010023F6F7C4FFA5
:109AE800002840F07681129B0136013B01351C4469
:109AF800072EC8F800502996C8F804302A9400F3B5
:109B08005B8108F108081A9B01361C44C8F8043028
:109B1800072E24ABCDE92964C8F800307FF716ADCD
:109B28000C990A9828AA05F099FD00287FF499ACA9
:109B38002A9C0DF1AC080BE5B9F1100F40F35086E3
:109B4800DDE929214046CDE91D36B84610244F46A7
:109B58000C9EA9460A9D04E0103F102F00F1080052
:109B680016DD01321F4B1031072AC0E90034CDE958
:109B78002921F1DD3146284628AA05F06FFD002885
:109B88007FF46FACDDE92921103F102F2BA8E8DC0A
:109B98004D46DDE91D36B9464746804609EB0104C6
:109BA80001321049072ACDE92924C8F80490C8F8D9
:109BB800001000F3C3839DF8832008F1080886E4A9
:109BC8000C990A9828AA1D9305F048FD00287FF4EF
:109BD80048AC2A9C1D9B0DF1AC088AE4943F01080F
:109BE800A83F0108983F01080C990A9828AA05F08F
:109BF80035FD00287FF435AC2A9C0DF1AC0889E4CA
:109C0800102D40F3C4861026299B0A9FDDF830905A
:109C180004E0103D102D08F1080817DD0133B84A9B
:109C28001034072BC8E90026CDE92934F1DD49466F
:109C3800384628AA05F012FD00287FF412ACDDE9A9
:109C48002934103D102D0DF1AC08E7DC0133AC4A86
:109C58002C44072BCDE92934C8F80450C8F8002053
:109C68007FF77EAC0C990A9828AA05F0F7FC002823
:109C78007FF4F7AB2A9C73E42299002940F36F83A1
:109C8800DDF84090129B9945A8BF9946B9F1000F9D
:109C98000BDD299B4C440133072BC8E900592A9452
:109CA800299300F31D8508F10808109EB9F1000FEB
:109CB800A8BFA6EB0906002E00F32582DDF840B008
:109CC8007805AB4400F15F82229B129A934202DB33
:109CD800F90740F17684169A17991444C8E90012D6
:109CE800299A2A940132072A299200F3138508F148
:109CF8000808129AAE18A6EB0B06D51AAE42A8BFF2
:109D08002E46002E0DDD299B34440133072BC8F85D
:109D180000B0C8F804602A94299300F3718508F10B
:109D28000808002EA8BFAD1B002D7FF711AC102D21
:109D380040F33C87DFF8CC91224649461026B946C5
:109D4800299B0F46DDF828B00C9C05E008F10808AF
:109D5800103D102D40F3538301331032072BC8E90F
:109D68000076CDE92932F1DD2146584628AA05F0CA
:109D780075FC00287FF475ABDDE929320DF1AC08DC
:109D8800E6E7079B002B7FF4FCAA5F46002354AD4F
:109D980007930B93FFF7FDBAFA073FF57FAE012350
:109DA800299E01341E44072EC8F800502A94C8F88A
:109DB800043029967FF7A5AE0C990A9828AA05F0D1
:109DC8004DFC00287FF44DABDDE929640DF1AC08AA
:109DD80099E6129B5D1E002D7FF795AE102D40F37E
:109DE800DF86224607974FF0100BDFF818910A9C80
:109DF8000C9F05E008F10808103D102D40F37F8303
:109E080001361032072EC8E9009BCDE92962F1DD41
:109E18003946204628AA05F021FC00287FF421AB0A
:109E2800DDE929620DF1AC08E6E70C990A9828AA41
:109E380005F014FC00287FF414AB2A9C0DF1AC0843
:109E4800FFF774BB1BF010030E9A3AD11BF04001C8
:109E580033D052F8044B99460E920123A4B2FFF76F
:109E6800BDBA2D2364428DF88330BB464FF0010301
:109E780069EB4909FFF7B5BA0C990A9828AA05F0C1
:109E8800EDFB00287FF4EDAADDE929640DF1AC08AB
:109E980013E60C990A9828AA05F0E0FB00287FF43D
:109EA800E0AADDE929640DF1AC0813E6FD077FF5AA
:109EB8004FAB24E554ADFFF76CBA1BF4007940F0C2
:109EC8008A8352F8044B01230E92FFF787BAB8052C
:109ED80000F19B834FEAE4794B46FFF740BA0E9BAB
:109EE800089853F8041BC2175546C1E900020E939F
:109EF800FFF74CBB0E9B53F8044B0E93FFF76BBA5E
:109F0800983F0108A83F0108DDE9140102460B4605
:109F1800F7F77EFC002840F0E985612E00F07D858A
:109F2800412E00F08B84079B013300F08F8326F0CD
:109F38002003472B069300F08F85DDE9141247F4C0
:109F480080730F931346002BC0F2B0850B93002348
:109F58008B461D930D93069B462B00F0E983452BFA
:109F680000F0468507990B9B01910221009126A9D3
:109F7800049123A9039122A95A460A98029102F052
:109F88005FFD069B0546472B40F03A8617F0010F08
:109F9800B9460F9F40F0FE84269B5B1B1293069BDD
:109FA800472B00F06E83069B462B00F0F083229B24
:109FB8001093109B069A013B412A229300F0BB851F
:109FC8000021F2B2002B8DF89020B6BF2D222B2253
:109FD800109B8DF89120B8BFC3F10103092B40F302
:109FE8009B850DF19F0C6246B64F1C46104687FBB9
:109FF8000312D917C1EBA20101EB8102A3EB4202C4
:10A008003032632C00F8012C0B4600F1FF32ECDCF7
:10A018003033811EDBB28C4502F8013C40F2F985F1
:10A028000DF1920101E012F8013B944501F8013B62
:10A03800F9D10DF1A1030DF192021B1A134424AAC0
:10A048009B1A1A93129B1A9A012B1A440B9240F3EB
:10A0580081850B9B169A13440B9300230B9A29F4C2
:10A06800806722EAE27247F480770F93069213938F
:10A0780010931D9B002B40F02C839DF883200793A1
:10A08800FFF794B9BB46FFF72FBB8F4B189317F018
:10A09800200900F0F5800E9B073323F00703D3F85F
:10A0A800049053F8084B0E93F80709D554EA0903AE
:10A0B80006D030238DF8856047F002078DF884308C
:10A0C800022327F4806BFFF789B9804B1893DEE7EA
:10A0D8000C990A9828AA05F0C1FA00287FF4C1A9AA
:10A0E8002A9C0DF1AC0818E440210A9804F0E4F821
:10A0F8000C9B18601861002800F0978540230C9A83
:10A108005361FFF762B8102E40F37685DFF8C091EF
:10A11800424648462146A846B9464FF0100B074626
:10A12800299B0A9C0C9D04E00832103E102E40F337
:10A13800138201331031072BC2E9007BCDE92931A5
:10A14800F2DD2946204628AA05F088FA00287FF47F
:10A1580088A9DDE929312BAAE7E72846CDF81C9024
:10A168000E94FEF79FFE20EAE0739DF883200B9083
:10A17800CDF83490CDF83C90CDF84C90CDF8409087
:10A188000693FFF713B9129B4246DDF84C80EB1893
:10A198005E460793CDF82CA010972146199FDDF84D
:10A1A8007090DDF828A0DDF830B00F9B1395B8F15A
:10A1B800000F2ED083BB013F08F1FF381B9B494499
:10A1C800C2E90039299B2A910133072B299360DCC6
:10A1D8000832079B38789B1B8342A8BF0346002B95
:10A1E8001C460BDD2998194401300728C2E9006391
:10A1F8002A91299000F3148138780832002CB4BFD2
:10A208000546051B002D0BDC06440F9BB8F1000F1B
:10A21800D0D1002B00F026820F9B013B0F93CDE796
:10A22800102D40F39D841024299804E0103D102D32
:10A2380002F1080216DD0130254B10310728C2E96A
:10A248000034CDE92901F1DD5946504628AA05F028
:10A2580005FA00287FF405A9DDE92901103D102D34
:10A268002BAAE8DC01301A4B29440728CDE929013B
:10A278005560136000F34182387808320644C4E719
:10A2880017F0100300F0A0800E9B53F8044B0E93B8
:10A298000AE75946504628AA05F0E0F900287FF455
:10A2A800E0A82A992BAA94E700230BF4806206966B
:10A2B800CDF82CA0CDF8348092461E46DDF8648097
:10A2C80054AF14E067666666643F0108783F01088A
:10A2D800A83F01080023204649460A22F7F7AEFAAC
:10A2E8000A2C79F100031BD3044689462F462046E1
:10A2F8000A2200234946F7F7A1FA30327D1E0136BB
:10A3080007F8012CBAF1000FE4D098F800309E420B
:10A31800E0D1FF2EDED00A2C79F1000380F03081E5
:10A3280054AB5B1BDDF82CA0CDF8648012965F4619
:10A33800069EDDF834800B93FFF72BB80C990A982A
:10A3480028AA1D9305F08AF900287FF48AA89DF8A9
:10A3580083202A9C1D9B0DF1AC08FFF7B8B8012398
:10A36800C8F80430299BBC4A01330134072B2A94CE
:10A378002993C8F8002000F3178108F1080800297C
:10A3880040F08680129A07F0010313433FF4E0A8D7
:10A39800169B17991A19C8E90013299B2A920133A9
:10A3A800072B299300F3378108F108081299013324
:10A3B8008C18072BCDE92934C8F80050C8F80410C8
:10A3C8007FF7C4A8FFF7ACBB17F0400200F0A580E8
:10A3D8000E9A994652F8044B0E92A4B264E6BB4614
:10A3E800FEF7CABF0C990A9828AA05F037F9002881
:10A3F8007FF437A82A9C0DF1AC08FFF77BBA144606
:10A408003A464F46914601332C44072BC8F8009032
:10A41800C8F80450CDE929347FF798A8FFF780BB26
:10A428005946504628AA05F019F900287FF419A8BA
:10A4380038782A992BAAE1E60C990A9828AA05F0F7
:10A448000DF900287FF40DA82A9C0DF1AC08FFF740
:10A4580065B8012BBB467FF4F5A9FEF792BF0E9BAA
:10A46800089953F8042B554611600E93FFF78EB8E0
:10A47800062B294628BF06232A4607950D950693DD
:10A48800764D0E940B930F9113911091FEF78EBF9A
:10A49800169B17981A19C8E90003299B2A920133B9
:10A4A800072B299300F3B78008F108080029BFF6A5
:10A4B8007DAF4E42103180F2A98341461024A84650
:10A4C800DFF89C91DDF828B00C9D04E00831103EBF
:10A4D800102E40F3A78201331032072BC1E90094F4
:10A4E800CDE92932F2DD2946584628AA05F0B6F802
:10A4F80000287EF4B6AFDDE929322BA9E7E7144638
:10A50800079F01362C44072ECDE92964C8F800902E
:10A51800C8F804507FF7F5AA4EE417F400790E9BAB
:10A5280066D053F8044B91460E93E4B2BCE517F499
:10A5380000790E9B57D053F8044B91460E93E4B222
:10A54800FEF749BF299ADFF81891FFF795BA2D222F
:10A558008DF88320FFF757B8454690463A460C4693
:10A568004F46914601333444072BCDE92934C8F8C6
:10A578000090C8F804605CDC08F10808FFF79EBB8F
:10A588001C9B1B99ED1A1A46284605F033F898F8D3
:10A5980001300BB108F10108204649460A22002380
:10A5A8000026F7F74BF99FE60C990A9828AA05F0B8
:10A5B80055F800287EF455AF22992A9C0DF1AC0875
:10A5C800DDE6129AAE18A6EB0B06D51AAE42A8BF66
:10A5D8002E46FFF7A6BB52F8044B894601230E927C
:10A5E800E4B2FEF7FBBE53F8044B0E93FEF7F3BE3E
:10A5F80053F8044B0E9357E50E9B089953F8042B18
:10A60800554611800E93FEF7C1BF44F3C0194B465F
:10A6180064B2FEF7A4BE0C990A9828AA05F01EF8A1
:10A6280000287EF41EAFDDE9293222990DF1AC082D
:10A638003CE70C990A9828AA05F010F800287EF43F
:10A6480010AF2A9C0DF1AC08FFF738BB062307931F
:10A6580026F02003069370E4943F01088C3F01081C
:10A66800A83F0108DDE91235EB189E42B346199759
:10A6780090460C4628BF9B46DDF82CA0109FFFF79C
:10A6880023BB229BDA1C109302DB079A934204DD5A
:10A69800023E26F0200306938BE4109B129A934205
:10A6A800C0F2C28019F0010F00F01D82169A1344FF
:10A6B8000B9319F4806F00F01482109B6726002B0F
:10A6C80076DC0B9B23EAE373069300230F93139323
:10A6D800CFE42D2200238DF883200793FEF768BE70
:10A6E8000C990A9828AA04F0B9FF00287EF4B9AE9C
:10A6F8002A9C0DF1AC08FFF7D8BA5946504628AA4B
:10A7080004F0ACFF00287EF4ACAE38782A992BAA66
:10A7180006447AE50C990A9828AA04F09FFF0028B5
:10A728007EF49FAE229B2A9C0DF1AC08FFF7E1BA9C
:10A7380007990B9B01910321009126A9049123A954
:10A74800039122A95A460A98029102F079F90378EE
:10A758000546302B00F01682229B079AB94613440F
:10A768000F9FEC185846002200230B99F6F77CF946
:10A7780008B1234611E4269BA342BFF40EAC302156
:10A788005A1C26921970269B9C42F9D805E4229AF5
:10A79800002A109240F30E82079909F001030B4337
:10A7A80040F07E816626109B0B9319F4806F88D049
:10A7B80019990B78FF2B00F025820024109A204667
:10A7C80004E001300131FF2B00F05981934280F2FF
:10A7D8005681D21A4B78002BF3D10B780134F2E76B
:10A7E800DDE92921FFF7DAB9079B9DF883200E944C
:10A7F80006930B9307900F9013901090FEF7D6BD19
:10A808000C990A9828AA04F029FF00287EF429AE9A
:10A81800229D129B2A9C0DF1AC085D1BFFF781BAA3
:10A8280000230793FEF70BBD129B169A9A18109BEC
:10A838000B92002B40F385816726B6E730238DF80D
:10A84800843058238DF88530079B47F00204632B2A
:10A8580000F3C48000233BAD0D9347F481730F933D
:10A86800DDE914121346002B2746C0F284800B93AF
:10A8780000238B461D9326F020030693612E00F0DB
:10A888001881412E7FF467AB22AA58460B9904F031
:10A8980021FE00224FF07F53F5F77EFE02460B465D
:10A8A800CDE9102300220023F6F7DEF808B10123D2
:10A8B8002293AD4B0B93079BCDE912A6CDE91E78E9
:10A8C800DDE91067AB46DDF82CA003F1FF391095E0
:10A8D80006E00022002309F1FF39F6F7C5F8E8B9C8
:10A8E8000022A24B30463946F5F756FE0F4606467B
:10A8F800F6F7ECF80446F5F7E5FD0B46024639464F
:10A908003046F5F791FC1AF80430B9F1FF3FD84604
:10A918004D4606460F460BF8013BDAD1304639461C
:10A928000022934BA946DDF848A0109DCDF8488039
:10A93800CDE91001DDF87C80139E1E9FF6F7BCF868
:10A9480080BBDDE910010022894BF6F78DF808B1CC
:10A95800E10727D44B46002B06DB302201335B444A
:10A968000BF8012B5B45FBD1ABEB0503B946129302
:10A978000F9FFFF714BB26F0200306932D22DDE975
:10A9880014349B4604F100431D920B9376E7299BF0
:10A99800FFF75CB9079BEC18E4E6299ADFF8D49135
:10A9A800FFF727B8129B26930B9B1BF8012CD97B2A
:10A9B8005B468A4209D1302003F8010C269B5A1EB7
:10A9C800269213F8012C9142F6D0392A0BBF0B9A24
:10A9D8000132927AD2B203F8012CC5E70A98591CC1
:10A9E80003F06AFC0546002800F017810D9034E753
:10A9F8000221009107995A464C1C26A9049123A9C3
:10AA0800039122A90B9B0A980194029102F018F86D
:10AA18000546B9462C440F9FA4E630238DF88430B0
:10AA280078230FE74546884601333244072BCDE9A2
:10AA38002932C8F80090C8F804607FF7B5AC0C99C3
:10AA48000A9828AA04F00AFE00287EF40AADDDE977
:10AA580029320DF1AC08A9E4079B002B08BF01239C
:10AA6800079347F480730F93159B002BC0F2B680B1
:10AA7800DDF850B00D900B931D90FFF773BA199144
:10AA8800109213900F940F9A139B1C9913440B9ACE
:10AA980001FB03230B9323EAE3730693FFF7E9BA59
:10AAA800169B6626D31819440B917EE600230D9356
:10AAB80064E722AA58460B9904F00CFD00224FF0D7
:10AAC8007F53F5F769FD02460B46CDE910230022B6
:10AAD8000023F5F7C9FF08B101232293264B0B93F6
:10AAE800E9E66726EDE5109B0B93E2E5159B03204D
:10AAF800002BB8BF2D224FF00003A8BF9DF883207C
:10AB080019460D931D4D1E4BB8BF8DF8832027F0B5
:10AB180080070690FEF77FBD002944D130228DF8CA
:10AB280092200DF19302303302F8013B24ABD31A83
:10AB38001A93FFF787BA06F10F020121D2B2FFF785
:10AB480041BAC3F101031A4422EAE27367260B9261
:10AB58000693BAE519F0010F3FF47FAAFFF779BA17
:10AB68002998FFF77FBB00BF783F010800003040FD
:10AB78000000E03FA83F0108643F01085C3F01086E
:10AB8800603F01085846002200230B99F5F76CFF37
:10AB980000287FF4E1AD079BC3F101032293DCE5B4
:10ABA800DFF89890ADE40DF19202BCE7299BDFF83D
:10ABB8008C9028E4079A09F0010959EA020304D1A4
:10ABC8000123662606930B937FE5169B66260133C1
:10ABD8001A4422EAE2730B92069376E50D90CDE6CD
:10ABE8000E9B9AF80160924653F8042B0E9342EAA2
:10ABF800E2730793FEF721BB299BDFF84090B1E48D
:10AC0800079C06E700230F9313933CE7DFF82C908B
:10AC18000AE702231A93FFF715BA0C998B8943F0B8
:10AC2800400213468A81FEF724BC4FF0FF320C2302
:10AC380008920A9A1360FEF723BC00BFA83F0108D8
:10AC48002DE9F04FD5B01C4691460791054609906D
:10AC580003F0B6FA02680E9410461792FEF722F92E
:10AC680016901DB1AB6B002B00F01D82079A536E36
:10AC7800DD0740F12D81B2F90C2091B28F0409D47F
:10AC8800079B42F400529A8191B21A465B6E23F4F4
:10AC9800005353660E0740F1C080079B1B69002BC9
:10ACA80000F0BB8001F01A030A2B00F0C4800024D6
:10ACB8002BAB224698464D46CDE929442893129459
:10ACC80000230024CDE914342B78CDE91922CDE9ED
:10ACD8001B2218920B92002B00F08F81AA4604E0E9
:10ACE8001AF8013F002B00F0BB80252BF8D1BAEBF6
:10ACF800050640F0B9809AF80030002B00F07D81FD
:10AD080000234FF0FF324FF02B0920241F469AF8FA
:10AD1800016008920AF1010A8DF883300A930AF15A
:10AD2800010AA6F120035A2B00F2E180DFE813F0B4
:10AD38000503DF00DF000003DF00DF00DF00DE02C5
:10AD4800DF00DF006A006E02DF0055027802DF00D4
:10AD580073025B005B005B005B005B005B005B00F9
:10AD68005B005B00DF00DF00DF00DF00DF00DF00EB
:10AD7800DF006C01DF00EA01C4016C016C016C01A9
:10AD8800DF00DF00DF00DF00D002DF00DF0023028A
:10AD9800DF00DF00DF00F801DF009202DF00DF00E4
:10ADA8008707DF00DF00DF00DF00DF00DF00DF00F4
:10ADB800DF006C01DF00EA01C6016C016C016C0167
:10ADC800B602C601BF01DF00C302DF005A02250236
:10ADD800A402BF01DF00F80172008407DF00DF0072
:10ADE8006507DF0072000022A6F130031AF8016B34
:10ADF80002EB820203EB4202A6F13003092BF5D9DC
:10AE08000A928EE70E9B53F8042B002A0A920E939F
:10AE1800C0F2E0819AF8006081E7079D0998294609
:10AE280001F0FCFC002841F04D83A98901F01A03C8
:10AE38000A2B7FF43CAF079AB2F90E30002BFFF6CD
:10AE480036AF536ED80702D4890541F148812346AD
:10AE58004A460799099855B0BDE8F04F01F09CBCE7
:10AE6800BAEB050600F0C9802A9BC8E900563344AE
:10AE78002A93299B0133072B299305DC08F108083D
:10AE88000B9B33440B9336E70799099828AA04F0DB
:10AE98009FFC80B90DF1AC08F2E70799099828AA38
:10AEA80004F096FC002800F099800D9B1BB1194610
:10AEB800099802F0E9FE079A536ED90740F1E88035
:10AEC80093895B0601F10A830B9855B0BDE8F08FB2
:10AED800079BB3F90C20900591B23FF5CFAE1D4604
:10AEE800986D03F075F9B5F90C2091B2C6E6002EFD
:10AEF80000F08380012300228DF8EC6006933BADBF
:10AF08008DF883200C930D9208920F921392109251
:10AF180017F0020302D006990231069117F0840B4C
:10AF280007D10A990698A1EB0009B9F1000F00F3BF
:10AF380090832A9C82B10122C8F80420299A0134FE
:10AF480001320DF18301072A2A942992C8F80010CA
:10AF580000F3D88308F108087BB10223C8F804304D
:10AF6800299B0234013321AA072B2A942993C8F874
:10AF7800002000F3D58308F10808BBF1800F00F02A
:10AF88008882089B0C9AA3EB020BBBF1000F00F31D
:10AF9800CB82FB0500F11F820C9BC8F800501C44B3
:10AFA800C8F80430299B2A940133072B299300F30E
:10AFB800448308F10808780705D50A9B069A9D1A64
:10AFC800002D00F3B983DDE90A2306998A42ACBF54
:10AFD8009B185B180B93002C7FF45FAF0023299319
:10AFE8000D9B1BB10D99099802F04EFE55460DF1C7
:10AFF800AC082B78002B7FF471AE2A9B002B41F014
:10B0080010820023299356E70E9B073323F007028B
:10B01800F2E80234CDE91434DDE9143424F00044B4
:10B02800994618460E9221464FF0FF32AB4BF6F781
:10B03800EFFB002840F01885484621464FF0FF32C4
:10B04800A64BF5F725FD002840F00E85DDE9140133
:10B0580000220023F5F712FD002840F065879DF8CF
:10B068008320002103209E4D9E4B27F080070D91E1
:10B078000690472EC8BF1D4608910C900F9113915A
:10B088001091002A3FF444AF069B013306933FE733
:10B09800079B9B899A053FF514AF079CA06D03F0A9
:10B0A80099F8A3890DE7099802F0F6FCDEE59AF80D
:10B0B800006047F0200732E647F01007BA060E9BFB
:10B0C80040F16E84073323F007031A465B6852F891
:10B0D800084B99460E92002BC0F26F84089B0133EF
:10B0E80000F0FB8254EA090327F0800B40F0F68257
:10B0F800089B002B40F0F7825F46002354AD08936D
:10B108000C933DE1012000220E9B069053F8041B8E
:10B118003BAD8DF883208DF8EC100E930C90F2E681
:10B128004FF000090E9C089B54F8045B8DF883903F
:10B13800002D00F0A1855A1C00F0A5861A46494644
:10B14800284603F065FB0D90002801F050810D9B07
:10B158009DF883205B1B0C9323EAE373CDF82090C2
:10B168000E940693CDF83490CDF83C90CDF84C90E1
:10B17800CDF8409085E747F0100717F0200900F058
:10B18800F2830E9B073323F00703D3F8049053F898
:10B19800084B0E93002327F4806B00228DF8832040
:10B1A800089A511C00F0D48054EA09012BF080075A
:10B1B80040F0CD80002A40F00486002B9DD11BF082
:10B1C80001030C9300F0308430230DF24F158DF8F5
:10B1D8004F31D5E00A9B5B420A939AF8006047F02A
:10B1E80004079CE5BD0600F1FD84FC0600F1EE8530
:10B1F800780600F1B286B90540F1E8850E9B0B99F7
:10B2080053F8042B554611700E93F2E69AF8006035
:10B218008DF8839083E59AF8006047F080077EE513
:10B22800524612F8016B2A2E01F08D82A6F13003E6
:10B23800092B924698BF002201F2E5801AF8016BAB
:10B2480002EB820203EB4202A6F13003092BF5D987
:10B25800089266E547F0100B1BF0200900F0918377
:10B268000E9B073323F007031A4652F8084BD3F80E
:10B2780004900E92012390E7302278260E9B8DF8D9
:10B28800842053F8044B184A0E934FF00009022308
:10B2980047F0020B8DF8856018927EE79AF80060F7
:10B2A800682E03BF9AF8016047F400770AF1010A93
:10B2B80047F0400733E59AF800606C2E03BF9AF810
:10B2C800016047F020070AF1010A47F0100726E558
:10B2D8009AF8006047F0080721E500BFFFFFEF7FFD
:10B2E800543F0108583F0108643F0108099E304651
:10B2F80002F066FF436818461B93FDF7D3FD03462B
:10B3080030461C931E4602F05BFF83681993002E9B
:10B318003FF480AD199B002B3FF47CAD199B1B7843
:10B32800002B3FF477AD9AF8006047F48067F6E4A5
:10B338009AF8006047F00107F1E49DF88330002B8C
:10B348007FF468AD9AF800608DF88340E7E4BB4667
:10B35800012B00F0C381022B54AD1FD1189A04F0C1
:10B368000F03D35C240944EA09744FEA191905F854
:10B37800013D54EA0903F2D15F4654AB5B1B0C93C1
:10B38800089A0C9900238A42B8BF0A460D93069280
:10B398000F939DF883201393109372E604F007032C
:10B3A800E40844EA49744FEAD909303354EA0901F8
:10B3B8002A4605F8013DF1D11BF0010FDCD0302BF6
:10B3C800DAD03023023A05F8013C54AB9B1A5F46A9
:10B3D80015460C93D4E7652E40F3E980DDE91401A6
:10B3E80000220023F5F740FB002800F0E18101234B
:10B3F800C8F80430299BC04A01330134072B2A942A
:10B408002993C8F8002000F3BF8408F10808229B9C
:10B41800129A934280F2DC82169B179A1C44C8E960
:10B428000023299B2A940133072B299300F31784BF
:10B4380008F10808129B5D1E002D7FF7BCAD102D8A
:10B4480041F35D81DFF8B492224649461026B94699
:10B45800299B0F46DDF824B0079C05E008F1080891
:10B46800103D102D40F39D8401331032072BC8E99D
:10B478000076CDE92932F1DD2146584628AA04F0A4
:10B48800A7F900287FF411ADDDE929320DF1AC08E8
:10B49800E6E70A9B069AA3EB020BBBF1000F7FF7C6
:10B4A80070ADBBF1100F41F35280DFF85092414666
:10B4B8002046A8464C461023299A079DDDF824907B
:10B4C80006E0ABF1100BBBF1100F01F1080119DD1B
:10B4D80001321030072AC1E90043CDE92920F0DD07
:10B4E8002946484628AA04F073F900287FF4DDAC01
:10B4F800DDE92920ABF1100BBBF1100F4FF0100361
:10B508002BA9E5DC4546A1468846044601325C4441
:10B51800072ACDE92924C8F80090C8F804B000F338
:10B52800918308F108082CE5BBF1100F40F3E38480
:10B53800DFF8C89141462046A8464C461023299A70
:10B54800079DDDF8249006E0ABF1100BBBF1100F5E
:10B5580001F1080119DD01321030072AC1E9004361
:10B56800CDE92920F0DD2946484628AA04F030F91B
:10B5780000287FF49AACDDE92920ABF1100BBBF170
:10B58800100F4FF010032BA9E5DC4546A14688466D
:10B59800044601325C44072ACDE92924C8F8009002
:10B5A800C8F804B000F3D28108F10808F1E4129B4E
:10B5B800012B40F382810123299E01341E44072E6A
:10B5C800C8F800502A94C8F80430299600F36C8310
:10B5D80008F10808169B0136179A1C44072EC8E97B
:10B5E8000023CDE9296400F36C8308F108080022E0
:10B5F800DDE914010023F5F737FA002840F07A81D5
:10B60800129B0136013B01351C44072EC8F8005037
:10B618002996C8F804302A9400F35F8108F10808D5
:10B628001A9B01361C44C8F80430072E24ABCDE918
:10B638002964C8F800307FF7BCAC0799099828AA94
:10B6480004F0C6F800287FF430AC2A9C0DF1AC0851
:10B65800B1E4B9F1100F40F3C686DDE9292140466F
:10B66800CDE91D36B84610244F46079EA946099DC8
:10B6780004E0103F102F00F1080016DD0132204BC6
:10B688001031072AC0E90034CDE92921F1DD31461E
:10B69800284628AA04F09CF800287FF406ACDDE9C7
:10B6A8002921103F102F2BA8E8DC4D46DDE91D3677
:10B6B800B9464746804609EB010401321049072A7A
:10B6C800CDE92924C8F80490C8F8001000F3408395
:10B6D8009DF8832008F108082CE4BB460A2C79F170
:10B6E800000380F0FB82012330345F468DF84F4120
:10B6F8000C930DF24F1543E6943F0108C83F01082B
:10B70800B83F01080799099828AA1D9304F060F822
:10B7180000287FF4CAAB2A9C1D9B0DF1AC081BE4E2
:10B728000799099828AA04F053F800287FF4BDABBC
:10B738002A9C0DF1AC0820E4102D40F3BE8610269B
:10B74800299B099FDDF81C9004E0103D102D08F19D
:10B75800080817DD0133BA4A1034072BC8E9002658
:10B76800CDE92934F1DD4946384628AA04F030F8F5
:10B7780000287FF49AABDDE92934103D102D0DF136
:10B78800AC08E7DC0133AE4A2C44072BCDE9293459
:10B79800C8F80450C8F800207FF715AC0799099835
:10B7A80028AA04F015F800287FF47FAB2A9C0AE445
:10B7B8002299002940F31081DDF84090129B9945A9
:10B7C800A8BF9946B9F1000F0BDD299B4C44013302
:10B7D800072BC8E900592A94299300F3818508F1B9
:10B7E8000808109EB9F1000FA8BFA6EB0906002EA5
:10B7F80000F3F582DDF840B07905AB4400F1AC8484
:10B80800229B129A934202DBFA0740F19283169A1E
:10B8180017991444C8E90012299A2A940132072A70
:10B82800299200F3A88508F10808129AAE18A6EB29
:10B838000B06D51AAE42A8BF2E46002E0DDD299B59
:10B8480034440133072BC8F800B0C8F804602A94C0
:10B85800299300F3FC8508F10808002EA8BFAD1B4A
:10B86800002D7FF7A8AB102D40F34987DFF8D4915E
:10B87800224649461026B946299B0F46DDF824B0D2
:10B88800079C05E008F10808103D102D40F3898257
:10B8980001331032072BC8E90076CDE92932F1DDF2
:10B8A8002146584628AA03F093FF00287FF4FDAAF2
:10B8B800DDE929320DF1AC08E6E7FE073FF57BAE7E
:10B8C8000123299E01341E44072EC8F800502A94EB
:10B8D800C8F8043029967FF7A1AE0799099828AAD5
:10B8E80003F076FF00287FF4E0AADDE929640DF172
:10B8F800AC0895E6129B5D1E002D7FF791AE102DCA
:10B9080040F31987224608974FF0100BDFF834915F
:10B91800099C079F05E008F10808103D102D40F329
:10B92800C78201361032072EC8E9009BCDE929628B
:10B93800F1DD3946204628AA03F04AFF00287FF4A3
:10B94800B4AADDE929620DF1AC08E6E70799099880
:10B9580028AA03F03DFF00287FF4A7AA2A9C0DF12E
:10B96800AC08FFF716BB17F0100377D117F04002A9
:10B9780000F0AC820E9A994652F8044B0E92A4B28B
:10B9880008E41BF010030E9A54D11BF040014DD06F
:10B9980052F8044B99460E920123A4B2FFF7FDBB5F
:10B9A80053F8044B0E93FB0653D47D064ED544F34F
:10B9B800C0394B4624B2FFF78EBB2D2364428DF865
:10B9C8008330BB464FF0010369EB4909FFF7E8BB39
:10B9D800F8077FF5F0AA1FE50123C8F80430299B72
:10B9E800194A01330134072B2A942993C8F80020F7
:10B9F80000F3688408F10808002940F02582129AAB
:10BA080007F0010313433FF4D6AA169B1799E218CF
:10BA1800C8E90013299B2A920133072B299300F3C5
:10BA2800508308F1080820E254ADA9E41BF400791A
:10BA380040F0A08252F8044B01230E92FFF7ADBBF1
:10BA4800B83F0108C83F0108943F0108B80500F154
:10BA580079824FEAE4794B46FFF73DBB0E9B53F8DA
:10BA6800044B0E93FFF796BBDDE9140102460B4623
:10BA7800F5F7CEFE002840F0F785612E00F06C85C2
:10BA8800412E00F07F82089B013300F0948526F058
:10BA98002003472B069300F07B85DDE9141247F459
:10BAA80080730F931346002BC0F2F4850C93002388
:10BAB8008B461D930D93069B462B00F02B84452B3C
:10BAC80000F0148508990C9B01910221009126A988
:10BAD800049123A9039122A95A460998029100F0DA
:10BAE800AFFF069B0546472B40F0448617F0010F31
:10BAF800B9460F9F40F0F784269B5B1B1293069B69
:10BB0800472B00F0F182069B462B00F04284229BD3
:10BB18001093109B069A013B412A229300F08A85D4
:10BB28000021F2B2002B8DF89020B6BF2D222B22D7
:10BB3800109B8DF89120B8BFC3F10103092B40F386
:10BB480081850DF19F0C6246BA4F1C46104687FB53
:10BB58000312D917C1EBA20101EB8102A3EB420248
:10BB68003032632C00F8012C0B4600F1FF32ECDC7C
:10BB78003033811EDBB28C4502F8013C40F2FF8570
:10BB88000DF1920101E012F8013B944501F8013BE7
:10BB9800F9D10DF1A1030DF192021B1A134424AA45
:10BBA8009B1A1A93129B1A9A012B1A440C9240F36F
:10BBB8009E850C9B169A13440C9300230C9A29F427
:10BBC800806722EAE27247F480770F930692139314
:10BBD80010931D9B002B40F0B0829DF883200893A2
:10BBE800FFF74FBA0E9B0B9853F8041BC217554624
:10BBF800C1E900020E93FFF7FCB98F4B189317F0B9
:10BC0800200949D00E9B073323F00703D3F804908B
:10BC180053F8084B0E93F80709D554EA090306D0E0
:10BC280030238DF8856047F002078DF884300223B1
:10BC380027F4806BFFF7B1BABB46FFF70DBB7F4B0C
:10BC48001893DCE70799099828AA03F0C1FD002892
:10BC58007FF42BA92A9C0DF1AC08FFF792B907993C
:10BC6800099828AA03F0B4FD00287FF41EA92A9C8D
:10BC78000DF1AC08FFF7DEBB062B294628BF0623CB
:10BC88002A4608950D9506936D4D0E940C930F91C9
:10BC980013911091FFF7F5B917F0100369D00E9BB7
:10BCA80053F8044B0E93B6E70799099828AA03F0AE
:10BCB8008FFD00287FF4F9A8DDE929640DF1AC08AF
:10BCC80088E40799099828AA03F082FD00287FF4E0
:10BCD800ECA8DDE929640DF1AC0888E400230BF435
:10BCE8008062CDE90CA8069692461E46DDF864806F
:10BCF80054AF0CE00023204649460A22F5F79EFD82
:10BD08000A2C79F100031BD3044689462F462046A6
:10BD18000A2200234946F5F791FD30327D1E01368F
:10BD280007F8012CBAF1000FE4D098F800309E42D1
:10BD3800E0D1FF2EDED00A2C79F1000380F0E080FC
:10BD4800CDF864801296DDE90CA8069EFFF714BBB7
:10BD58000799099828AA1D9303F03AFD00287FF453
:10BD6800A4A89DF883202A9C1D9B0DF1AC08FFF721
:10BD7800E1B817F0400200F0B4800E9A994652F8E4
:10BD8800044B0E92A4B246E70799099828AA03F033
:10BD98001FFD00287FF489A82A9C0DF1AC08FFF745
:10BDA80036BB14463A464F46914601332C44072B7E
:10BDB800C8F80090C8F80450CDE929347FF7F9A8ED
:10BDC8003BE4012BBB467FF4C6AA8CE40E9B0B997F
:10BDD80053F8042B554611600E93FFF70AB9102E3D
:10BDE80040F3AD84DFF85C90424648462146A846B9
:10BDF800B9464FF0100B0746299B099C079D04E0A4
:10BE08000832103E102E40F3488201331031072BC0
:10BE1800C2E9007BCDE92931F2DD2946204628AA6E
:10BE280003F0D6FC00287FF440A8DDE929312BAACD
:10BE3800E7E700BF67666666643F0108783F010868
:10BE48008C3F0108C83F0108169B1798E218C8E9FB
:10BE58000003299B2A920133072B299300F3318190
:10BE680008F108080029C0F20283129901338C18DE
:10BE7800072BCDE92934C8F80050C8F804107FF71B
:10BE880098A8FFF7DABB2846CDF820900E94FDF766
:10BE980009F820EAE073CDE90C099DF88320CDF874
:10BEA8003C90CDF84C90CDF840900693FFF7E9B858
:10BEB8001446089F01362C44072ECDE92964C8F89A
:10BEC8000090C8F804507FF7A9AB06E517F400798D
:10BED8000E9B3DD053F8044B91460E93E4B2FFF706
:10BEE80059B917F400790E9B40D053F8044B91468A
:10BEF8000E93E4B28FE6299ADFF84C92FFF749BB1C
:10BF08001C9B1B99ED1A1A46284603F073FB98F8F8
:10BF180001300BB108F10108204649460A220023E6
:10BF28000026F5F78BFCEFE62D228DF88320FFF72E
:10BF380098B8129AAE18A6EB0B06D51AAE42A8BF4F
:10BF48002E468AE444F3C0194B4664B2FFF7C3B8DF
:10BF580053F8044B0E93FFF71DB90E9B0B9953F83A
:10BF6800042B554611800E93FFF743B853F8044B42
:10BF78000E9350E652F8044B894601230E92E4B220
:10BF8800FFF70BB930238DF8843058238DF88530AE
:10BF9800089B47F00204632B00F3E38200233BADC8
:10BFA8000D9347F481730F93DDE914121346002BA8
:10BFB8002746C0F240820C9300238B461D9326F03F
:10BFC80020030693612E00F01783412E7FF473AD92
:10BFD80022AA58460C9903F07DFA00224FF07F53AD
:10BFE800F4F7DAFA02460B46CDE9102300220023C3
:10BFF800F4F73AFD08B101232293544B0C93089BA4
:10C00800CDE912A6CDE91E78DDE91067AB46DDF86B
:10C0180030A003F1FF39109506E00022002309F152
:10C02800FF39F4F721FDE8B90022494B304639467B
:10C03800F4F7B2FA0F460646F4F748FD0446F4F75B
:10C0480041FA0B46024639463046F4F7EDF81AF83D
:10C058000430B9F1FF3FD8464D4606460F460BF867
:10C06800013BDAD13046394600223A4BA946DDF881
:10C0780048A0109DCDF84880CDE91001DDF87C80FE
:10C08800139E1E9FF4F718FD002840F04482DDE956
:10C09800100100222F4BF4F7E7FC10B1E10700F183
:10C0A8003A824B46002B06DB302201335B440BF807
:10C0B800012B5B45FBD1ABEB0503B94612930F9FF0
:10C0C8001DE50799099828AA03F082FB00287EF449
:10C0D800ECAEDDE9293222990DF1AC08C2E6906D8B
:10C0E80002F078F8FEF7B3BE229BDA1C109302DB4D
:10C0F800089A934204DD023E26F02003069308E5E1
:10C10800109B129A9342C0F2828119F0010F00F03D
:10C11800A882169A13440C9319F4806F00F0908249
:10C12800109B6726002B00F346810C9B23EAE373E0
:10C13800069300230F9313934BE52D2200238DF8CC
:10C1480083200893FEF7A0BFC83F0108783F010885
:10C15800000030400000E03F129B4246DDF84C8072
:10C16800EB185E460893CDF830A010972146199F2A
:10C17800DDF87090DDF824A0DDF81CB00F9B139556
:10C18800B8F1000F2ED0002B6CD1013F08F1FF3819
:10C198001B9B4944C2E90039299B2A910133072B8B
:10C1A800299363DC0832089B38789B1B8342A8BF1D
:10C1B8000346002B1C460ADD29981944013007283C
:10C1C800C2E900632A9129905BDC38780832002C98
:10C1D800B4BF0546051B002D15DC06440F9BB8F1BE
:10C1E800000FD0D1002B3DD1DDE91235EB189E426E
:10C1F800B346199790460C4628BF9B46DDF830A0F9
:10C20800109FFFF7FDBA102D40F36F821024299874
:10C2180004E0103D102D02F1080216DD0130A84B94
:10C2280010310728C2E90034CDE92901F1DD59466A
:10C23800504628AA03F0CCFA00287EF436AEDDE991
:10C248002901103D102D2BAAE8DC01309C4B294414
:10C258000728CDE92901556013604EDC387808328B
:10C268000644BBE70F9B013B0F9391E759465046A5
:10C2780028AA03F0ADFA00287EF417AE2A992BAA53
:10C2880091E75946504628AA03F0A2FA00287EF4FE
:10C298000CAE38782A992BAA99E7454690463A4633
:10C2A8000C464F46914601333444072BCDE92934D7
:10C2B800C8F80090C8F8046000F35D8108F1080828
:10C2C800FFF798BA0799099828AA03F081FA002875
:10C2D8007EF4EBAD22992A9C0DF1AC08FFF78CBBDC
:10C2E8000799099828AA03F073FA00287EF4DDADAF
:10C2F8002A9C0DF1AC08FFF774BA5946504628AA93
:10C3080003F066FA00287EF4D0AD38782A992BAA73
:10C31800064463E708990C9B01910321009126A923
:10C32800049123A9039122A95A460998029100F081
:10C3380087FB03780546302B00F0C081229B089AC2
:10C34800B94613440F9FEC185846002200230C9955
:10C35800F4F78AFB10B12346FFF7CFBB269BA34215
:10C36800BFF4CBAB30215A1C26921970269B9C42F5
:10C37800F9D8FFF7C2BB0799099828AA03F028FA49
:10C3880000287EF492AD229B2A9C0DF1AC08FFF7A1
:10C398004CBA229A002A109240F3B981089909F000
:10C3A80001030B4340F040816626109B0C9319F45F
:10C3B800806F3FF4BAAE19990B78FF2B00F0D68145
:10C3C8000024109A204604E001300131FF2B00F0D0
:10C3D8006481934280F26181D21A4B78002BF3D1A9
:10C3E8000B780134F2E7DDE92921FFF764B9089BEE
:10C3F8009DF883200E9406930C9308900F90139049
:10C408001090FEF73EBE00230893FEF78ABC129BED
:10C41800169A9A18109B0C92002B40F35D816726A0
:10C42800C5E70799099828AA03F0D2F900283EF42D
:10C43800E8ADFEF740BD26F0200306932D22DDE986
:10C4480014349B4604F100431D920C93BAE50799F6
:10C45800099828AA03F0BCF900287EF426AD229D8D
:10C46800129B2A9C0DF1AC085D1BFFF7F6B94E42F2
:10C47800103180F2818141461024A846DFF84090AF
:10C48800DDF824B0079D04E00831103E102E40F37B
:10C49800998001331032072BC1E90094CDE9293284
:10C4A800F2DD2946584628AA03F092F900287EF4BE
:10C4B800FCACDDE929322BA9E7E7299BFFF762B934
:10C4C800C83F0108079B5B6EDD0707D4079B9B8964
:10C4D8009C0503D4079B986D01F07CFE4FF0FF3359
:10C4E8000B93FEF7F1BC089BEC182DE70221009195
:10C4F80008995A464C1C26A9049123A9039122A9FC
:10C508000C9B09980194029100F09AFA0546B946E5
:10C518002C440F9F18E7129B26930C9B1BF8012CA9
:10C52800D97B5B468A4209D1302003F8010C269B4F
:10C538005A1E269213F8012C9142F6D0392A0BBFC5
:10C548000C9A0132927AD2B203F8012CB3E5299AF7
:10C55800DFF83492FEF7DABF30238DF88430782381
:10C5680014E50998591C01F0A7FE0546002800F0BB
:10C57800F6800D9015E50799099828AA03F028F97F
:10C5880000287EF492AC2A9C0DF1AC08FFF732B972
:10C59800089B002B08BF0123089347F480730F936F
:10C5A800159B002BC0F2A980DDF850B01D900C93AC
:10C5B8000D90FFF787BA0623089326F02003069309
:10C5C800FFF76BBA4546884601333244072BCDE95D
:10C5D8002932C8F80090C8F804607FF722AA0799A2
:10C5E800099828AA03F0F4F800287EF45EACDDE987
:10C5F80029320DF1AC0838E422AA58460C9902F009
:10C6080069FF00224FF07F53F3F7C6FF02460B463F
:10C61800CDE9102300220023F4F726FA08B10123FC
:10C6280022935A4B0C93EAE4169B6626D3181944B6
:10C638000C91BCE606F10F020121D2B2FFF772BAE3
:10C64800672672E500295FD130228DF892200DF11E
:10C658009302303302F8013B24ABD31A1A93FFF745
:10C66800A1BA109B0C9357E5159B0320002BB8BF6C
:10C678002D224FF00003A8BF9DF8832019460D9383
:10C68800434D444BB8BF8DF8832027F080070690B0
:10C69800FEF7EFBC00230D93D0E61991109213908A
:10C6A8000F940F9A139B1C9913440C9A01FB0323B4
:10C6B8000C9323EAE3730693FFF78BBA58460022DC
:10C6C80000230C99F4F7D0F900287FF437AE089BC3
:10C6D800C3F10103229332E6C3F101031A4422EAAB
:10C6E800E27367260C92069323E52998ADE519F0C5
:10C6F800010F3FF462AAFFF75CBA0D909EE6299BF2
:10C70800DFF88490FFF751BB0DF19202A1E7089A78
:10C7180009F0010959EA020304D1012366260693A8
:10C728000C9306E5169B662601331A4422EAE27347
:10C738000C920693FDE4DFF85090FFF7BBBB299BF2
:10C74800DFF84490AFE50E9B9AF80160924653F8E3
:10C75800042B0E9342EAE2730893FEF7E0BA079AB5
:10C76800938943F040039381FEF7A5BB00230F9301
:10C77800139396E7089CCAE6DFF80C9024E7022397
:10C788001A93FFF70FBA00BFC83F0108643F0108BA
:10C798005C3F0108603F0108F0B54FF4806C154616
:10C7A800002406461F46ADF26C4D1AAB0093049365
:10C7B8008B8916A823F00203ADF80C304B6E069453
:10C7C8001993CB890C46ADF80E30CB69CDF808C06B
:10C7D80007934B6ACDF814C0099301F0F5FC2A467B
:10C7E8003B4669463046FEF72BFA051E07DB6946CD
:10C7F800304601F01DF9002818BF4FF0FF35BDF88D
:10C808000C305B0603D5A38943F04003A381169837
:10C8180001F0DCFC28460DF26C4DF0BD38B5334B09
:10C8280005461B680C460BB19A6B12B3B4F90C3071
:10C8380018079AB225D5216900292DD012F00100D8
:10C8480007D000256069A5604042A06139B1002089
:10C8580038BD950758BF6069A0600029F7D1120656
:10C8680058BF0846F4D543F040034FF0FF30A3818A
:10C8780038BD184601F010F9B4F90C3018079AB20F
:10C88800D9D4D1062AD5520714D4216943F0080314
:10C89800A3819AB20029D1D102F42070B0F5007FAB
:10C8A800CCD02146284601F097FCB4F90C30216918
:10C8B8009AB2C3E7216B51B104F14002914204D00E
:10C8C800284601F0E1F9B4F90C3000222263002275
:10C8D800216923F02403C4E90012D7E7092243F0B1
:10C8E80040032A604FF0FF30A38138BD14010020B7
:10C8F800024B13B1024800F005B870470000000071
:10C90800C5DB0008002301461A46184603F08EBE10
:10C918002DE9F04F03690C6985B0A342C0F2898004
:10C92800013C01F11405A30000F11408019355F826
:10C93800243058F8242001338A469A4208EB8401AF
:10C948008146B2FBF3F605EB840702913AD3002146
:10C95800AE4640460A46A34603955EF8045B046863
:10C96800ABB206FB03132D0C190C06FB05119BB289
:10C97800D21A1FFA84FC94448AB2C2EB144202EB26
:10C988002C421FFA8CFC4CEA0243774540F8043BE2
:10C998004FEA11414FEA2242DFD2019B5C4658F828
:10C9A8000330039D73B9029B043B984504D307E009
:10C9B800984504F1FF3403D253F80429002AF7D02C
:10C9C800C9F810405146484602F06EFA00282CDBA0
:10C9D80040460023013655F8041BD0F800C08AB23F
:10C9E8009A1A1FFA8CFE0B0C7244C3EB1C4303EB20
:10C9F800224392B242EA0342AF4240F8042B4FEA84
:10CA08002343E8D258F8242008EB84036AB9043B8E
:10CA1800984504D307E0984504F1FF3403D253F84E
:10CA28000429002AF7D0C9F81040304605B0BDE8FF
:10CA3800F08F002005B0BDE8F08F00BF00000000B7
:10CA48002DE9F04F90469946016C99B00446CDE91E
:10CA58000489259D41B10123426C93408B604A6053
:10CA680001F0CCFF00232364B9F1000AB4BF01230D
:10CA780000232B60764BBCBF2AF0004ACDF814A0E7
:10CA880033EA0A0300F0AA80DDE9042310461946B8
:10CA980000220023CDE90A01F3F7E6FF074670B14B
:10CAA8000123249A1360269B002B00F0E682694834
:10CAB8001860431E0393039819B0BDE8F08F16ABB6
:10CAC800019317AB00932046DDE90A2302F0B2FA7E
:10CAD8005FEA1A56054640F09780DDE916763E442F
:10CAE80006F23240202840F3B783C0F140000AFA2A
:10CAF80000FA06F2124028FA00F04AEA0000F3F7BA
:10CB0800D1FC0123013E0F93A1F1F8710022524B91
:10CB1800F3F78AFB48A3D3E90023F3F73DFD48A3C5
:10CB2800D3E90023F3F782FB804630468946F3F7C2
:10CB3800C9FC45A3D3E90023F3F72EFD02460B46B3
:10CB480040464946F3F772FB80468946F3F7BEFF35
:10CB580000228346002340464946F3F78FFF00280A
:10CB680040F07E82BBF1160F00F26D82DDE90A010A
:10CB78003A4B03EBCB03D3E90023F3F77FFF0028FD
:10CB880072D00023BE1B0E93731E0BF1FF3B06935E
:10CB980000F1608200230993BBF1000F6BDA099B57
:10CBA800CDF81CB0A3EB0B030993CBF100030D9355
:10CBB800229B4FF0000B092B66D8052B40F34A83C4
:10CBC8000026043B2293229B023B032B00F26C8637
:10CBD800DFE813F061045E045504380442F20F7371
:10CBE800249ACAF3130A13605AEA08031AD1269B37
:10CBF800002B00F068861A4B03930833269A039893
:10CC0800136019B0BDE8F08FDDE90A12C2F313030F
:10CC1800084643F07F510F97A6F2FF36169F41F45E
:10CC2800401173E7269B002B40F0EF830D4B0393D5
:10CC380041E700BFAFF3008061436F63A787D23F2E
:10CC4800B3C8608B288AC63FFB799F501344D33FF3
:10CC58000000F07F953F01080000F83F28420108D6
:10CC6800E0400108DC400108BE1B731E069300F17A
:10CC78008A840E900990069B5B44CDE9063B00230D
:10CC88000D93229B092B98D9002322934FF0FF3351
:10CC98000126089300230C9623930021089B6164C6
:10CCA8001293204601F084FE0390002800F00486C9
:10CCB800039B2364089B0E2B00F21481002E00F0C6
:10CCC80011810799002940F36084AF4B01F00F02EE
:10CCD80003EBC2030A46D3E900674FEA2118D105DE
:10CCE80040F11784DDE90A01A84B4FF0030AD3E9A4
:10CCF8000823F3F77BFDCDE9100108F00F08B8F120
:10CD0800000F13D0DFF8849218F0010F09D0D9E989
:10CD1800002330463946F3F73FFC06460F460AF132
:10CD2800010A5FEA680809F10809EDD1DDE9100197
:10CD380032463B46F3F75AFD804689460E9B43B17F
:10CD4800002240464946924BF3F798FE002840F0EF
:10CD580035855046F3F7B6FB42464B46F3F71CFCC5
:10CD68008C4B0022F3F762FAA1F15073CDE9100160
:10CD78001193089B002B00F09780079B1493089B46
:10CD880013930C9B002B00F0A984139A7E4B002070
:10CD980003EBC20353E902237F49F3F727FDDDE9DB
:10CDA8001023F3F741FACDE9100149464046F3F75D
:10CDB8008DFE0746F3F786FB02460B46404649467A
:10CDC800F3F732FADDE91023039E303706F8017BCA
:10CDD80080468946F3F752FE002840F02E85CDF8AC
:10CDE80054B00027DDE910AB1095139D13942AE089
:10CDF8000137AF4280F22E85504659460022674BD4
:10CE0800F3F7CAFB0022654B82468B4640464946EB
:10CE1800F3F7C2FB89468046F3F758FE0446F3F75A
:10CE280051FB02460B4640464946F3F7FDF93034BC
:10CE380052465B4606F8014B80468946F3F71EFECC
:10CE4800002840F0F88442464B4600205049F3F74A
:10CE5800EBF952465B46F3F711FE0028C8D0DDE92E
:10CE68001343109D039A079302E0964200F0CD8485
:10CE7800B24616F8013D392BF7D00133DBB23370D7
:10CE8800079B01330793C8E15046F3F71BFB424663
:10CE98004B46F3F781FB3F4B0022F3F7C7F9A1F1AB
:10CEA8005073CDE9100111934046494600223C4B8E
:10CEB800F3F7BAF9DDE910894B46424606460F46B4
:10CEC800F3F7FAFD8146002840F0AF84DDE9100150
:10CED800024601F1004330463946F3F7CFFD0028FA
:10CEE80040F04883179B002BC0F28C80079A0E2ACB
:10CEF80000F38880244B03EBC203D3E900AB239BE8
:10CF0800002B1BDA089B002B18DC40F03183002231
:10CF1800234B50465946F3F73FFB02460B46DDE9E3
:10CF28000A01F3F7B5FDDDF820904E46002800F021
:10CF3800CA82239BDDF80C80DF43CCE25246DDE950
:10CF48000A785B4638464146F3F750FCF3F7BEFDD6
:10CF580081460990F3F7B6FA52465B46F3F71CFB95
:10CF6800039E0B46024641463846F3F75DF909F140
:10CF7800300306F8013B089B012B00F05F83069401
:10CF880001271C4604952AE02842010800420108AE
:10CF98000000F03F00001C400000E03F000024407B
:10CFA8000000144052465B4640464946F3F71EFCD3
:10CFB800F3F78CFD0546F3F785FA52465B46F3F71F
:10CFC800EBFA01370B46024649464046F3F72CF97F
:10CFD80005F13003A74206F8013B00F02C8300223C
:10CFE800AB4BF3F7D9FA0022002380468946F3F7C2
:10CFF8003BFD0028D6D0049D069C079BB246013312
:10D0080007930AE10C9A002A3DD0229A012A40F39C
:10D018009F82089B03F1FF380D9B4345C0F2708245
:10D02800A3EB0808089B002BC0F24083069A1A4419
:10D038000692099A17461A4409920121204601F0DE
:10D0480085FD064623E00123BE1B0E93731E06933F
:10D058007FF5A0ADC6F101030993002306939BE574
:10D068005846F3F72FFA42464B46F3F7FDFC0028E3
:10D078007FF478AD0BF1FF3B74E5864B039303987F
:10D0880019B0BDE8F08FDDF83480099F0C9E002FA1
:10D098000CDD069900290B4608DDB942A8BF3B46BE
:10D0A800099AFF1AD21ACB1A099206930D9BE3B17B
:10D0B8000C9B002B00F06082B8F1000F10DD3146A8
:10D0C8004246204601F01EFE06462A4631462046C4
:10D0D80001F06AFD0346294620461D4601F08EFCF4
:10D0E8000D9BB3EB080240F0DB820121204601F0E2
:10D0F8002DFDBBF1000F814600F3B380229B012B6D
:10D1080040F388814FF0000A0120BBF1000F40F086
:10D11800B480069A104410F01F0000F09280C0F10D
:10D128002003042B40F3D383099BC0F11C00034464
:10D138000244099307440692099B002B05DD294602
:10D148001A46204601F03AFE0546069B002B05DDEF
:10D1580049461A46204601F031FE81460E9B002BB7
:10D1680040F03881089B002B40F31E810C9B002B5C
:10D1780040F09F80079B013307930127DDF80C805F
:10D18800DDF820A007E0294600230A22204601F006
:10D198003FFC0546013749462846FFF7B9FB574586
:10D1A80000F1300308F8013BEDDB089A0027002A5C
:10D1B800CCBF93464FF0010B039A934429460122B2
:10D1C8002046049301F0FAFD4946054601F06CFE3D
:10D1D800002840F3AB811BF8013C039A0BF1FF3B9D
:10D1E80004E05A4500F0AD811BF8013D392B0BF1E5
:10D1F800010AF6D001338BF800304946204601F089
:10D20800FDFB56B12FB1B74203D03946204601F095
:10D21800F5FB3146204601F0F1FB2946204601F096
:10D22800EDFB0023079A8AF80030249B1A60269B9E
:10D23800002B3FF440AC0398C3F800A019B0BDE838
:10D24800F08F1C20099B074403440993069B034461
:10D25800069371E70126B6E4C0F1200008FA00F051
:10D268004DE401465A46204601F04CFD229B81467A
:10D27800012B40F3B6814FF0000AD9F8103009EBC2
:10D288008303186901F016FCC0F1200041E700BFD4
:10D2980000002440943F0108314600230A2220461A
:10D2A80001F0B6FB129B0646002B40F3E982CDE95C
:10D2B8000783002F00F31D81BAF1000F40F0D981D8
:10D2C800B046049B089903F00102039B0A921F468B
:10D2D800013B1944229B0891134309934946284668
:10D2E800FFF716FB31468346284601F0DDFD42462E
:10D2F80049468246204601F0F7FDC26801460BF117
:10D308003003002A43D104902846069301F0CCFD4F
:10D31800024604992046049201F070FB049A069B89
:10D328001AB90999002900F09B82BAF1000FC0F2DE
:10D33800648122994AEA010A0A9951EA0A0100F02D
:10D348005C81002A00F3B681089A07F1010A974226
:10D35800D3463B7000F0B481294600230A222046B8
:10D3680001F056FB4645054631464FF000034FF0A5
:10D378000A02204612D001F04BFB41460646002324
:10D388000A22204601F044FB57468046A6E720467D
:10D39800049301F033FB0122049BC6E701F038FB3C
:10D3A80057460646804699E7229B022B7ADC0C9B5F
:10D3B800002B7FF47EAF079B49460133284607932D
:10D3C800FFF7A6FADDF80CB000F1300300270BF8E0
:10D3D800013BF3E64946284601F066FD0028BFF602
:10D3E800C1AE294600230A22204601F011FB079B03
:10D3F800054603F1FF380C9B002B7FF44DAF129BC1
:10D40800002B40F334820893B7E6B04B0393033301
:10D41800FFF7F4BBDDE9041200297FF473AEC2F311
:10D428001303002B7FF46EAEA94B1340002B00F0C2
:10D438000082099B4FF0010A01330993069B0133CF
:10D44800069361E601230C93239B079A13441293D6
:10D458000133012B1F46B8BF012708930021172F5E
:10D4680061647FF71EAC012204235B0003F1140002
:10D47800B842114602F10102F7D9616411E40123AF
:10D488000C93239B002B4CDD1F4612930893E5E772
:10D4980000230C93D8E700230C93F2E7129BCDF8F6
:10D4A8001C800893089B002B7FF443AD4946052256
:10D4B800204601F0ADFA81462846494601F0F4FCC1
:10D4C80000287FF736AD31230398079F804600F880
:10D4D800013B013703904946204601F08FFA7B1C37
:10D4E800DDF80CA00793CDF80C80002E7FF491AEE8
:10D4F80093E631463A46204601F060FC0646DBE6F4
:10D508000D9BCDF83480A8EB03039B444FF0000833
:10D5180088E5DDE90A234FF0020ACDE91023FFF779
:10D52800EEBB012323930893FFF7B7BB03D1049BFA
:10D53800D8073FF550AEDA461BF8013D302BFAD03C
:10D548005BE6079B039A013307933123137054E674
:10D558000F9A002A00F0288103F23343069ADDF877
:10D5680034801A440692099A17461A44099264E5C7
:10D578004FF000094E46DCE4294620460D9A01F09A
:10D58800C1FB0546B1E50E9064E500F01181DDE9C7
:10D598000A01079A4F4B564206F00F0203EBC203EB
:10D5A800D3E90023F2F7F8FF36118046894600F0E8
:10D5B800708100234FF0020A474FF20706D5D7E9DA
:10D5C8000023F2F7E9FF01230AF1010A761007F1B7
:10D5D8000807F2D1002B3FF4B1AB80468946FFF72C
:10D5E800ADBB049B002B7FF446AEDDE90412C2F309
:10D5F8001303002B3FF418AF3DE6002A12DD29463D
:10D6080001222046049301F0D9FB4946054601F062
:10D618004BFC0028049B40F31781392B00F0FB805A
:10D628000BF13103BA46079A37460132464607924C
:10D638000AF8013BE1E50995069C049D02460B4664
:10D64800F2F7F4FD52465B4680468946F3F734FA12
:10D6580060B952465B4640464946F3F705FA00284A
:10D668003FF4CBAC099BD9077FF5C7AC039AFFF70A
:10D67800FFBB2046716801F09BF90746002800F0BF
:10D688000C81336906F10C0102339A000C30F3F770
:10D698006BFF39460122204601F090FB804610E6D8
:10D6A8002946204601F02EFB05461EE5DDE9082344
:10D6B8009F1AC2E4392B00F0AE80BA460133B2E7B4
:10D6C800079A374601324646079277E5DC4001085B
:10D6D8000000F07F2842010800420108DDF84CA054
:10D6E8008349DDE9102301EBCA0151E90201F2F790
:10D6F80053FFCDE9100149464046F3F7E7F90646DE
:10D70800F2F7E0FE0B46024649464046F2F78CFD2A
:10D718005346039F3036012B8046894607F8016B34
:10D7280000F0AC80139E039B1E440022714B4046C0
:10D738004946F2F731FF89468046F3F7C7F9824632
:10D74800F2F7C0FE02460B4640464946F2F76CFD2A
:10D758000AF1300A07F801ABB74280468946E4D19E
:10D76800DDE910010022644BF2F760FD42464B46AA
:10D77800F3F784F9002862D1DDE9102300205E491F
:10D78800F2F752FD42464B46F3F796F900283FF46C
:10D79800A9AB16F8013CB246302B06F1FF36F8D09B
:10D7A800149B0133079338E5169BC3F13603D5E67E
:10D7B8004FF0020ADDE90A89FFF7C0BA089B002B7F
:10D7C8003FF462AB129B002B7FF78CAB1393079B44
:10D7D8000022013B404649461493464BF2F7DCFED3
:10D7E800804689460AF10100F2F76CFE42464B4634
:10D7F800F2F7D2FE414B0022F2F718FDA1F1507367
:10D80800CDE910011193FFF7BCBA079B01330793C9
:10D818003123FFF734BB079BBB46013307933923FA
:10D8280037460BF8013B4646D7E44FF000094E4611
:10D8380049E69A4668E4109D139CB246B0E7149BEB
:10D84800039A0793FFF714BB7FF4ECAEDA077FF572
:10D85800E9AEE2E6DDF854B0109D139CFFF742BB39
:10D86800392BD8D0BAF1000F3FF7DAAEDAE6229BAF
:10D87800022B3FF713AECDF81C809CE53E466FE7C0
:10D88800229B022B3FF70AAE129BCDF81C8008930F
:10D898000FE54FF0020AFFF751BA024640F2EA21BB
:10D8A800174B184802F008FF0026204631466664E8
:10D8B80001F07EF8039078B900224FF4D571104B2F
:10D8C800104802F0F9FE104B0393FFF7F4B83FF449
:10D8D80033ACC0F13C00B5E4039B012223644FF054
:10D8E800FF33239612930C920893FFF7FBBA00BFFD
:10D8F80028420108000024400000E03F00001C40CE
:10D90800EC40010800410108E0400108B1F90C2091
:10D91800F8B50C461107074643D4636842F4006221
:10D92800002BA2815BDDA56A002D56D000233E683E
:10D938003B6093B212F4805255D101233846E16915
:10D94800A847421C65D0A389A56A5B0705D563680B
:10D95800C01A236B0BB1E36BC01A0246E1690023BE
:10D968003846A847411C40D13B68002B3DD01D2BB1
:10D9780001D0162B54D10022A38923F40063A3817C
:10D988002369C4E90032216B3E6031B304F14003DE
:10D99800994202D0384600F077F9002318462363ED
:10D9A800F8BD2669CEB193B29A0718BF002325683F
:10D9B80008BF63692660AD1BA3600CE02B463246A6
:10D9C800D4F824C03846E169E047B0F1000CA5EB73
:10D9D8000C05664416DD002DF0DC0020F8BDE36B75
:10D9E800002BA0DCF9E7206DAFE70022B4F90C307A
:10D9F800626023F400632269A381DB042260C2D53C
:10DA08002065C0E7A3894FF0FF3043F04003A381AE
:10DA1800F8BD3B68002B96D01D2B06D0162B04D0E2
:10DA2800A38943F04003A381F8BD00203E60F8BD00
:10DA380038B505460C4608B1836BA3B1B4F90C00A0
:10DA4800B8B1636EDB0701D4810515D52846214698
:10DA5800FFF75CFF636E0546DA0702D4A3899B05CE
:10DA68000ED5284638BD00F017F8B4F90C00002888
:10DA7800E7D10546284638BDA06D00F0A9FBE5E7CB
:10DA8800A06D00F0A7FB284638BD00BF014900F093
:10DA980073BB00BF9D0701082DE9F047824639484E
:10DAA80000F096FBDAF83840002C66D104230322F4
:10DAB8003549DAF80450CAF83C10DFF8D090DFF89E
:10DAC800D080344F344E0AF53B71CAE9B921CAF8FF
:10DAD800E0422146EB600822C5E90044C5E9044458
:10DAE8006C66AC60AC6105F15C00FBF779F8C5E9E0
:10DAF8000759C5E90987EE6205F1580000F064FB93
:10DB0800DAF80850254B2146EB600822C5E90044A5
:10DB1800C5E904446C66AC60AC6105F15C00FBF7D8
:10DB28005FF8C5E90759C5E90987EE6205F15800AC
:10DB380000F04AFBDAF80C50194B2146EB6008223A
:10DB4800C5E90044C5E904446C66AC60AC6105F104
:10DB58005C00FBF745F805F15800C5E90759C5E928
:10DB68000A76C5F8248000F02FFB01230548CAF87F
:10DB78003830BDE8F04700F02DBB0248BDE8F0475B
:10DB880000F028BBD415002095DA000871F50008CC
:10DB980095F50008D5F50008F5F50008090001001D
:10DBA80012000200014800F013BB00BFD01500208E
:10DBB800014800F00FBB00BFD015002038B5084B56
:10DBC800084D5B1B9C1007D0043B1D44013C55F8D5
:10DBD80004399847002CF9D1BDE8384003F0ACBDB2
:10DBE800F4430108F0430108F8B50C46234F0646F4
:10DBF80000F0D2FEBB685D68C4F57E6325F00305BE
:10DC08000F332B4423F47F6323F00F03A3F58054D1
:10DC1800B4F5805F07DB0021304601F093FCBB6858
:10DC28002B44984204D0304600F0BCFE0020F8BDDA
:10DC38003046614201F086FC01300DD0104ABB68C5
:10DC48002D1B45F001055D60136830461B1B1360F2
:10DC580000F0A8FE0120F8BD0021304601F072FC5A
:10DC6800BA68831A0F2BDEDD43F001035360054BBE
:10DC780003491B68C01A0860D5E700BF44050020A7
:10DC8800D81500204C09002000295ED0F8B50C46B4
:10DC9800064600F081FE54F8042C784FA4F10805DC
:10DCA80022F001016818D7F808C04368844523F0BA
:10DCB800030300F08780D207436034D454F8082C5B
:10DCC80007F10804AD1A1144AA68A24268D000EB13
:10DCD800030CDCF804E0D5F80CC01EF0010FC2F804
:10DCE8000CC0CCF8082000F0918041F001036B6073
:10DCF8000160B1F5007F31D24A09CB08012191407A
:10DD08007A6801331143796007EBC30257F833107F
:10DD1800083AC5E9021247F83350CD603046BDE8ED
:10DD2800F84000F03FBEC2185268D2070ED419441A
:10DD380007F108048368A34270D0C268DA60936070
:10DD480041F001036B606950D3E7704741F001036C
:10DD5800B1F5007F44F8043C0160CDD3B1F5206FE4
:10DD68004FEA512347D28B0903F1390003F13802F6
:10DD7800C300F818FB580838984258D05A6822F05F
:10DD880003028A4202D99B689842F7D1D868C5E94C
:10DD9800023085603046DD60BDE8F84000F002BE24
:10DDA800C2185268D20763D40B44D0E90212CA6081
:10DDB800916043F001026A603046EB50BDE8F840DC
:10DDC80000F0F0BD0B44D10707D454F8082CAD1A65
:10DDD8001344D5E90212CA60916043F001026A60F7
:10DDE800274ABD6012689A4298D8264B304619686F
:10DDF800FFF7FAFE92E7142B0AD9542B1FD80B0B06
:10DE080003F16F0003F16E02C300B2E7194491E712
:10DE180003F15C0003F15B02C300AAE741F00103D0
:10DE2800C7E90455C5E902446B60695076E70121EA
:10DE3800921001FA02F279680A437A60A7E7B3F50B
:10DE4800AA7F06D8CB0B03F1780003F17702C30051
:10DE58008FE740F25452934206D88B0C03F17D00B1
:10DE680003F17C02C30084E74FF47E737E2280E7CF
:10DE780041F001036B60016050E700BF44050020DA
:10DE880050090020081600209368002B00F0B78086
:10DE98002DE9F04FB1F90C300C46190780461746AA
:10DEA80083B098B225D523691BB310F002033D68EF
:10DEB8002DD04FF0000B5E46DFF8B8A2002E00F020
:10DEC8008B80564533465A4628BF53464046E1693B
:10DED800D4F824C0E047002840F38780BB68834417
:10DEE8001B1A361ABB60002BE8D1002003B0BDE82E
:10DEF800F08F21464046FEF791FC002840F036811D
:10DF0800B4F90C303D6898B210F00203D1D110F08A
:10DF1800010976D14E46002E5AD08205D4F808B0B1
:10DF280040F1B580B3455A4600F2CD8010F4906FA9
:10DF380000F0CB8023682169A3EB010B636903EB35
:10DF4800430A0AEBDA7A0BF101034FEA6A0A33440F
:10DF58005345524684BF9A465246430540F1EA80EB
:10DF68001146404600F0A8F9002800F0F9805A460A
:10DF780021690190F3F7F8FAA289019B22F49062D3
:10DF880042F08002A28103EB0B0023613246AAEB28
:10DF98000B03B346C4F814A0A3602060B246002661
:10DFA8004946019200F07CFCA3682168019AA3EB22
:10DFB8000B030A44A3602260B868D144A0EB0A00AE
:10DFC800B860002891D0B4F90C0080B2002EA4D11A
:10DFD800D5E9009608359EE7D5E900B608356DE71E
:10DFE80021464046FFF724FD80B3B4F90C304FF0CA
:10DFF800FF3043F04003A38103B0BDE8F08F002059
:10E0080070471E46AA46994618461D4656B300282C
:10E0180032D04A4620682169B24228BF3246884237
:10E02800636904D9A16803EB010B5A4574DC934278
:10E0380065DC2A464046E169D4F824C0E047B0F1DF
:10E04800000BD2DDB9EB0B09CAD00120BB685D44D7
:10E05800A3EB0B03A6EB0B06BB60002B3FF445AF0D
:10E06800002ED4D10AF1080353F8046C9A4653F8E9
:10E07800085C0833002EF7D032460A21284600F003
:10E08800C7FB002869D00130A0EB0509C1E720686B
:10E09800236998421BD86369B34218D86FF0004CC3
:10E0A800B44528BFB4469CFBF3FC4A4603FB0CF37B
:10E0B8004046E169D4F824C0E047B0F1000A94DD95
:10E0C800A6EB0A0678E7B3463246206866E7B3450A
:10E0D800DA4628BFB2464946524600F0E1FBA3683B
:10E0E8002268A3EB0A035244A3602260002BE7D105
:10E0F80021464046FFF79CFC0028E1D075E72946F9
:10E108009346019200F0CCFBA368019A9B1AA36086
:10E1180023681A44226095E729465A4600F0C0FB56
:10E12800236821465B4440462360FFF781FC0028B2
:10E1380088D05AE7404600F0DFFF034600287FF406
:10E1480022AF40462169FFF79FFD0C22B4F90C303D
:10E15800C8F8002023F0800349E7721C914659E76C
:10E168000C22B4F90C30C8F8002040E74FF0FF301B
:10E17800BCE600BF00FCFF7F2DE9F8434FF0000923
:10E188000746884600F53876D6E90154013D10D493
:10E19800A389013D012B08D9B4F90E30013304D00D
:10E1A80021463846C04749EA00096B1C04F1680457
:10E1B800EED13668002EE7D14846BDE8F88300BFA7
:10E1C80000487047440A0020704700BF704700BFEE
:10E1D800704700BF704700BF2DE9F0418B890C469E
:10E1E800990796B008D5012204F14303C4E9043223
:10E1F800236016B0BDE8F081B4F90E100646002978
:10E2080027DB6A4602F0C4FB002821DB019D4FF49E
:10E21800806805F47045A5F50055B5FA85F54FF405
:10E2280000676D094146304600F046F8B4F90C30F5
:10E23800F0B1204A43F08003F263C4F81480A3814C
:10E248002060206135BB3B43A38116B0BDE8F08157
:10E25800A38913F0800519D04FF040083046414695
:10E26800002500F029F82F46B4F90C300028E0D139
:10E278009A05BED4012123F0030304F1430243F0BD
:10E288000203C4E90421A3812260B2E74FF4806845
:10E298002F46C7E73046B4F90E1002F08DFB10B9CF
:10E2A800B4F90C30CFE7A38923F0030343F001034B
:10E2B8001BB2C8E795DA00082DE9F04F01F10B050C
:10E2C800162D064683B025D8102900F2B88000F034
:10E2D80063FB102518224FF0020CB54F3A445368DF
:10E2E800A2F108018B4200F0B7805A68D96822F081
:10E2F80003021A449C683046E1608C60516803F15F
:10E30800080441F00101516000F04CFB204603B0C5
:10E31800BDE8F08F35F0070500F19180A94200F2C1
:10E328008E8000F039FBB5F5FC7FC0F094816B0A54
:10E3380000F08C80042B00F26A81AB0903F1390CE0
:10E3480003F138044FEACC00994F38444368083841
:10E35800984206D10CE0002980F22681DB689842B9
:10E3680006D05A6822F00302511B0F29F3DDA44698
:10E378003C69DFF840E274457AD0626822F0030213
:10E38800531B0F2B00F37681002BC7E904EE80F2B4
:10E398006781B2F5007F80F019810121D308520905
:10E3A8000B4491407A6857F833000A4307EBC301DE
:10E3B8000839A060E1607A6047F83340C460012101
:10E3C8004FEAAC039940914259D8114206D12CF03A
:10E3D800030C490011420CF1040CFAD007EBCC09EC
:10E3E80048466446D0F80C80404508D11CE1002B13
:10E3F80080F22181D8F80C80404500F01581D8F8CA
:10E40800042022F00302531B0F2BF0DD08EB05015B
:10E4180045F00105C8F804503046D8E90264F460B4
:10E42800A66043F00104C7E904114C60C1E902EE9B
:10E4380048F8023000F0B6FA08F1080402E00C23AC
:10E4480000243360204603B0BDE8F08F4FF400701D
:10E458004FF0400C3F2477E7D3689A4208BF0CF18D
:10E46800020C7FF442AF3C69DFF848E1744584D17F
:10E4780001217A684FEAAC0399409142A5D9BC685A
:10E48800636823F003094D4503D8A9EB05030F2B57
:10E498007ADCDFF824B1494BDBF800201B68013235
:10E4A8002B4404EB090A00F02F8103F580530F3346
:10E4B80023F47F6828F00F084146304601F042F8FF
:10E4C800411C024600F0EF80824500F2EA803C4B96
:10E4D800196841440846196000F04981DBF80010CA
:10E4E800019301311BBFA2EB0A0A5044CBF800206C
:10E4F800186012F0070B00F01181CBF108010A44F3
:10E50800CBF5805190440831A1EB0801C1F30B0A07
:10E5180051463046009201F015F8421CDDE900230F
:10E5280000F04B81801A00EB0A08196848F00100D6
:10E538005144BC42BA601960506000F02481B9F1BE
:10E548000F0F40F222814FF0050E6068A9F10C0C04
:10E558002CF0070C00F0010040EA0C006060BCF1F0
:10E568000F0F04EB0C00C0E901EE00F22E811446F7
:10E578005068144B1A688A4238BF1960124B1A68DF
:10E588008A4238BF196090E0621943F0010345F0F0
:10E59800010565603046BA600834536000F002FA3D
:10E5A800204603B0BDE8F08FD9681A44A2E600BF40
:10E5B800440500204C0500204C09002008160020C6
:10E5C800D81500200016002004160020B2F5206F90
:10E5D8004FEA52235FD3142B00F2B18003F15C01A0
:10E5E800C9005B33781879580838884200F08F8062
:10E5F8004B6823F00303934202D989688842F7D114
:10E60800C8687A68C4E902108460CC60D7E6142B25
:10E6180059D9542B00F29B802B0B03F16F0C03F19B
:10E628006E044FEACC008FE60134A30700F108001E
:10E638007FF4D8AE53E0444642445368D8F80C10EF
:10E6480043F00103536054F8083F3046D9608B60AB
:10E6580000F0A8F9F6E64FEAD50C05F108023CE609
:10E6680022445368304643F00103536000F09AF99E
:10E678000834E7E6611945F00105656043F00105D6
:10E68800C7E904113046C1E902EE4D60A35000F01D
:10E6980089F90834D6E6930903F13901C9003833FA
:10E6A800A0E7BC425ED0BC68606820F0030845451E
:10E6B800A8EB050302D80F2B3FF766AF304600F0F2
:10E6C80071F90024BEE603F15C0C03F15B044FEA28
:10E6D800CC0039E659F808394B4540F095801CF0D4
:10E6E800030F0CF1FF3CF5D17B6823EA01037B6043
:10E6F800490099423FF6C3AE11B9C0E64900043457
:10E708001942FBD0A44669E603F11008D4E60122B9
:10E718009B109A407B681A437A6073E702EB080102
:10E728004942C1F30B0A51463046009200F00AFFF5
:10E73800431CDDE900237FF4F5AEDA46F5E6542BF9
:10E7480026D8130B03F16F01C9006E334AE7B3F5FE
:10E75800AA7F26D8EB0B03F1780C03F177044FEA74
:10E76800CC00F1E5294B186840441860B6E6CAF3B6
:10E778000B0CBCF1000F7FF4B1AEBC68C84448F084
:10E7880001006060F5E61446F3E60123536095E75F
:10E79800B3F5AA7F24D8D30B03F17801C9007733E6
:10E7A80020E740F25452934224D8AB0C03F17D0C7D
:10E7B80003F17C044FEACC00C6E5ABF1080BD84462
:10E7C8004FF0000AA8EB0208AFE604F10801304652
:10E7D8000093FFF759FABC68009B60681968C8E69F
:10E7E80040F254518B420BD8930C03F17D01C900C0
:10E7F8007C33F7E64FF47E704FF07F0C7E24A3E560
:10E808004FF47E717E23EDE67B6871E7D815002012
:10E818005FFA81FC810710D00346511E2AB90AE02D
:10E828009A0718460AD0013905D3184613F8012B60
:10E838006245F5D1704700207047114603290CD86E
:10E848000029F8D00346014401E08B42F3D0184672
:10E8580013F8012B6245F8D1ECE7024610B54CEAF3
:10E868000C2444EA04441046036804326340A3F1CC
:10E87800013E2EEA030313F0803F04D10439032933
:10E888001046F0D851B10346014401E08B4205D04F
:10E89800184613F8012B6245F8D110BD002010BDB1
:10E8A80088420DD98B1883420AD900EB020CBAB101
:10E8B800624613F801CD994202F801CDF9D17047AB
:10E8C8000F2A0ED8034602F1FF3C4AB10CF1010CA5
:10E8D800013B8C4411F8012B614503F8012FF9D154
:10E8E800704740EA01039B074FD1A2F1100370B5AE
:10E8F80001F1200C23F00F0501F1100E00F11004B6
:10E90800AC441B095EF8105C0EF1100E44F8105C64
:10E918005EF81C5C103444F81C5C5EF8185C44F823
:10E92800185C5EF8145CE64544F8145CEAD10133DF
:10E9380012F00C0F01EB031102F00F0400EB0313AC
:10E9480027D08E46043C24F003064FEA940C1E445C
:10E958001C1F5EF8045B44F8045FB442F9D10CF163
:10E96800010402F0030203EB840301EB840102F1CA
:10E97800FF3C4AB10CF1010C013B8C4411F8012B0E
:10E98800614503F8012FF9D170BD034602F1FF3C40
:10E998009CE72246EBE700BF0148FFF719BC00BF20
:10E9A800CC1500200148FFF715BC00BFCC1500208E
:10E9B80038B5C36C05460C464BB153F8240080B1FA
:10E9C800026843F824200023C0E9033338BD21221C
:10E9D800042101F091FE0346E8640028EDD10020EF
:10E9E80038BD0121284601FA04F56A1D920001F09C
:10E9F80083FE0028F3D0C0E90145E4E731B1C36CD8
:10EA08004A6853F82200086043F82210704700BF94
:10EA18002DE9F0414FF0000E0E461C460D690746E1
:10EA280001F1140001680EF1010E8BB202FB0343E1
:10EA3800090C4FEA134C02FB01CC9BB203EB0C43CD
:10EA4800754540F8043B4FEA1C44EBDC3CB1B36825
:10EA5800AB4207DD06EB850301355C613561304665
:10EA6800BDE8F081716838460131FFF7A1FF8046A3
:10EA7800A8B1326906F10C01023292000C30F2F7AB
:10EA880073FDFB6C726853F82210316043F8226002
:10EA9800464606EB850301355C613561DFE70246D2
:10EAA800B521024B024801F007FE00BFEC40010807
:10EAB80080410108020C12040346CAB910208340A1
:10EAC80013F07F4F04BF1B02083013F0704F04BFD0
:10EAD8001B01043013F0404F04BF9B000230002B91
:10EAE80005DB13F0804F00F1010008BF20207047BC
:10EAF8000020E5E70368024613F0070009D0D907AC
:10EB08001FD498074BBF5B089B08012002201360A5
:10EB1800704799B209B91020C340D9B209B9083071
:10EB28001B0A190704BF1B090430990704BF9B0877
:10EB38000230D90703D45B0800F1010003D0136049
:10EB48007047002070472020704700BF38B5C36C5D
:10EB580004460D464BB15868B0B102685A600022AD
:10EB680001234561C0E9032338BD2122042101F0B6
:10EB7800C3FD0346E0640028EDD100224FF4A071E4
:10EB8800074B084801F098FD1C220121204601F09E
:10EB9800B3FD0028F1D001220223C0E90123DEE7FA
:10EBA800EC400108804101082DE9F04F0E69156914
:10EBB8008846AE42144685B005DB2A4623463546CC
:10EBC8000C4616469846A3686168AF19BB42B8BFA1
:10EBD8000131FFF7EDFE0190002800F08780019BCE
:10EBE80003F1140909EB870AD14505D24B460022E7
:10EBF80043F8042B9A45FBD808F1140808EB860B58
:10EC080004F11403D8451A4603EB85055FD22B1B84
:10EC1800153B23F0030304331534A54238BF0423FE
:10EC2800CDE902A7AC461F46924605E0000C29D163
:10EC3800C34509F1040948D958F8040B85B2002DD9
:10EC4800F4D056464C46002356F8040B216882B28D
:10EC58001FFA81FE05FB02EE000C0A0C05FB0022E0
:10EC6800734402EB13429BB243EA0243B44544F8AF
:10EC7800043B4FEA1243E7D849F8073058F8040C28
:10EC8800000CD5D0D9F80030544619464D4600221C
:10EC98002688090C00FB06119BB20A4443EA02438A
:10ECA80045F8043B54F8046B2968360C8BB200FB1A
:10ECB8000633A44503EB12434FEA1342E8D8C34591
:10ECC80049F8073009F10409B6D8DDE902A7002F91
:10ECD80002DC05E0013F03D05AF8043D002BF9D0CF
:10ECE800019B18461F6105B0BDE8F08F024640F24F
:10ECF8005D11024B024801F0DFFC00BFEC40010847
:10ED08008041010812F003032DE9F041144607463B
:10ED18002ED10E46A4101CD0BD6C95B3E3074FF05E
:10ED2800000806D4641014D02868A8B10546E30783
:10ED3800F8D52A4631463846FFF736FFB6B171682E
:10ED4800FB6C641053F82120326043F821600646BA
:10ED5800EAD13046BDE8F0812A4629463846FFF711
:10ED680023FF28600546C0F80080E0E70646D9E79B
:10ED78000F4A013B52F823200023FFF749FE0646BD
:10ED8800C8E701213846FFF713FE054640B140F2B7
:10ED980071230122C0E904230023B8640360BDE79E
:10EDA80002464FF4A071034B034801F085FC00BFF5
:10EDB800F0420108EC400108804101082DE9F047C4
:10EDC8000C462669A36806EB6216751C9D429046A0
:10EDD800074649684FEA621904DD5B009D4201F16C
:10EDE8000101FADC3846FFF7E3FD002851D0B9F1FC
:10EDF800000F00F114010FDD0B464FF0000C09F174
:10EE080005024FEA820E00EB820243F804CB9342DC
:10EE1800FBD1AEF114031944226904F1140318F06C
:10EE28001F0803EB820C2CD08E464FF0000AC8F165
:10EE380020091A6802FA08F242EA0A024EF8042B7C
:10EE480053F8042B9C4522FA09FAF2D8ACEB0403D8
:10EE5800153B23F00303043304F11502944538BF2E
:10EE68000423BAF1000F18BF2E4641F803A0FB6C2B
:10EE78006268066153F82210216043F82240BDE819
:10EE8800F087043953F8042B9C4541F8042FF9D82E
:10EE9800EDE7024640F2D911014B024801F00CFCA3
:10EEA800EC4001088041010884460B690069C01ADA
:10EEB80015D10CF1140C14310CEB830210B401EBD6
:10EEC800830301E0944508D252F8044D53F8041D19
:10EED8008C42F7D004D24FF0FF3010BC7047704717
:10EEE800012010BC704700BF2DE9F84F0C69136969
:10EEF8008946E41A002C17467DD101F11406143214
:10EF080002EB830206EB830301E09E4276D253F8BC
:10EF1800045D52F8041D8D42F7D067D3D9F8041068
:10EF2800FFF746FD002873D0D9F81050C46000F1EF
:10EF3800140426464FF0000A3B6909F1140807F14A
:10EF4800140E09F1100C08EB85020EEB83095CF82E
:10EF580004BF5EF8041B1FFA8BF353441FFA81FAAF
:10EF6800090CA3EB0A03C1EB1B4101EB23419BB244
:10EF780043EA0143F14546F8043B4FEA214AE6D803
:10EF8800A9EB070115391537B94521F0030606F134
:10EF9800040638BF042621F0030138BF0021B0441D
:10EFA800424526440C4418D93746444654F8041BB5
:10EFB8008BB253444FEA234A0AEB11419BB243EA0E
:10EFC8000143A24247F8043B4FEA214AEED8541EB7
:10EFD800A4EB080424F00304344423B954F8043D92
:10EFE800013D002BFAD00561BDE8F88F4B4601249E
:10EFF800B9461F4692E7F9DB00248FE70021FFF7A7
:10F00800D7FC60B101220023C0E90423BDE8F88FD2
:10F0180002464FF41071054B054801F04DFB0246BE
:10F0280040F23221014B024801F046FBEC40010856
:10F038008041010870B5012182B016461D46FFF7D0
:10F04800B7FC044600284CD02B46C5F30A55C3F339
:10F0580013030DB143F48013002E019322D06846A8
:10F068000096FFF747FD002837D0019B0099C0F1B3
:10F07800200203FA02F20A43C34001936261002BA3
:10F0880014BF02210121A3612161B5B1069BA5F23C
:10F09800334505441D60079BC0F1350018602046C4
:10F0A80002B070BD01A8FFF725FD0123019A19469A
:10F0B800626120302361002DE8D104EB8102A0F2C7
:10F0C80032431069069A1360FFF7F4FCC0EB411154
:10F0D8002046079B196002B070BDDDE9002362611C
:10F0E800CDE7024640F20A31014B024801F0E4FA4A
:10F0F800EC400108804101082DE9F84F1646002927
:10F1080000F0988006F10B0580460C46FFF744FC9A
:10F11800162D5DD810252A46AE425ED854F8041C38
:10F12800A4F1080921F00307974262DABC4B09EB06
:10F138000700D3F808C0844500F09780D0F804C0D1
:10F148002CF0010303445B68DB0768D42CF0030C44
:10F1580007EB0C03934247DACB0710D454F8083C6A
:10F16800A9EB030ADAF8043023F003018C44BC4409
:10F17800944580F211817B18934280F2E8803146F1
:10F188004046FFF799F80646E0B154F8043CA0F170
:10F19800080223F001034B44934200F0D2803A1F47
:10F1A800242A00F2F580132A00F2AC800346224696
:10F1B800116819605168596092689A602146404602
:10F1C800FEF762FD4046FFF7EDFB3046BDE8F88FDD
:10F1D80025F00705002D2A469EDA0C230026C8F8DC
:10F1E80000303046BDE8F88F1F46D0E90223D360CF
:10F1F8009A607B1B0F2B22D8D9F8043003F0010347
:10F208003B43C9F804304F447B6843F001037B60FB
:10F2180026464046FFF7C6FB3046BDE8F88FC907CB
:10F22800ADD454F8083CA9EB030ADAF8041021F02D
:10F238000301A0E71146BDE8F84FFFF73DB8D9F83C
:10F24800041043F0010301F001012943C9F8041037
:10F2580009EB05014B604F447B68404643F00103CE
:10F2680008317B60FEF710FDD2E7DCF8040020F0DF
:10F27800030B07EB0B0C05F1100084454DDAC907A9
:10F288003FF57DAF54F8081CA9EB010ADAF8041021
:10F2980021F003018B44BB4458453FF76CAF5646F9
:10F2A800DAF80C1056F8080F3A1F242AC160886053
:10F2B80000F2DB80132A40F2D68021681B2ACAF8A4
:10F2C80008106168CAF80C1000F2E08008340AF1EE
:10F2D80010022168116061685160A1689160ABEB10
:10F2E80005020AEB050142F0010299604A60DAF86A
:10F2F8000430404603F001031D43CAF80450FFF7E9
:10F3080051FB6EE723681B2A03606368436068D873
:10F3180004F1080200F108034AE709EB0502ACEB27
:10F32800050C9A604CF00103536054F8043C4046C5
:10F3380003F001031D4344F8045CFFF733FB264642
:10F348004FE750F8043C23F003031F4451E75646A7
:10F35800DAF80C1056F8080F3A1F242AC1608860A2
:10F368004CD8132A48D921681B2ACAF808106168A2
:10F37800CAF80C1056D808340AF110021F46236840
:10F38800D146136063685360A3683446936030E7DE
:10F398002146FFF785FA11E75646D0E90213CB60FC
:10F3A800996056F8081FDAF80C303A1F242ACB6007
:10F3B80099602DD8132A29D923681B2ACAF808303E
:10F3C8006368CAF80C3042D808340AF1100322687E
:10F3D80067461A606268D1465A60A26834469A60E5
:10F3E80007E7A368242A8360E368C36026D004F192
:10F3F800100200F11003DBE63246BFE72146304633
:10F408001F46D146FFF74CFA3446F2E63346DEE7AC
:10F41800214630466746D146FFF742FA3446E8E6C9
:10F4280044050020A168242ACAF81010E168CAF827
:10F43800141020D010340AF118029FE7236904F150
:10F44800180203616369436100F11803B0E6A36819
:10F45800242ACAF81030E368CAF8143022D01034CD
:10F468000AF11803B3E7324633E721463046FFF77F
:10F4780017FA174B33E722691834CAF8182054F8DA
:10F48800042CCAF81C200AF1200277E7A168242A74
:10F49800CAF81010E168CAF814100ED010340AF136
:10F4A800180216E723691834CAF8183054F8043CCF
:10F4B800CAF81C300AF1200389E722691834CAF80F
:10F4C800182054F8042CCAF81C200AF1200200E77E
:10F4D80044050020F8B50027DFF85CC021F00043A0
:10F4E800634504460D46176023DC844653EA0C0C3A
:10F4F8001FD0DFF848C0164601EA0C0C0A46BCF1DA
:10F50800000F09D100220E4BF1F746F86FF03507CE
:10F5180004460A4621F0004322F0FF421B1522F45C
:10F52800E002A3F2FE333B4442F07F55336045F4DA
:10F53800001520462946F8BDFFFFEF7F0000F07F49
:10F5480000005043002238B5064D044608462A609C
:10F55800F2F722FF431C00D038BD2B68002BFBD0EC
:10F56800236038BD0C16002010B50C46B1F90E10FA
:10F5780001F066FA002803DB236D0344236510BD00
:10F58800A38923F48053A38110BD00BF2DE9F04166
:10F598000C46B1F90C101F46CB05054616460BD490
:10F5A80021F48051A1813B4632462846B4F90E1019
:10F5B800BDE8F04101F024B8B4F90E10022300228E
:10F5C80001F012FAB4F90C10EAE700BF10B50C46C6
:10F5D800B1F90E1001F008FAA389421C0EBF23F4FA
:10F5E800805343F480532065A38110BDB1F90E10F8
:10F5F80001F0BEB830B540EA0104A30722D1032ABE
:10F6080020D90B468446194653F8045BA5F101340A
:10F6180024EA050414F0803F15D1043A032A194658
:10F628004CF8045BEFD801F1FF3E52B163461EF877
:10F63800011F541E03F8011B41B122469C46002AB3
:10F64800F4D130BD844601F1FF3EEEE76244002C60
:10F65800F7D003F8011B9342FBD130BD2DE9F04FE1
:10F668009368914683B0002B6ED0176880460C468D
:10F6780008688D68083744E0B4F80CC01CF4906F33
:10F688002ED0D4E90413451A03EB430303EBD373D9
:10F69800AA194FEA630A531C5345524684BF9A4637
:10F6A80052461CF4806F36D011464046FEF704FEE1
:10F6B80000283AD02A4621690190F1F755FFA2891E
:10F6C800019B22F4906242F08002A2815819AAEBB1
:10F6D8000505A560C4F814A03546B246236120602C
:10F6E80059465246FFF7DCF8D9F80830A168206877
:10F6F8004D1B50449E1BA5602060C9F808601EB3CE
:10F70800083757E902B6002EFAD0B542AA46B3D94F
:10F718003546B246E4E74046FFF7EEFC03460028CC
:10F72800D4D140462169FEF7AFFA0C2300224FF0EE
:10F73800FF30C8F80030A38943F04003A381C9E92A
:10F74800012203B0BDE8F08F00231846C9F8043041
:10F7580003B0BDE8F08F00BF2DE9F84F4B6E90461F
:10F768009C042DD59368126843B38B46064602F174
:10F77800080959E9025A5FEA9A0715D00024043D9E
:10F7880001E0A7420ED05A46304655F8041F01F052
:10F79800CBF8431C04F10104F3D10023C8E9013379
:10F7A800BDE8F88FD8F808302AF0030AA3EB0A035B
:10F7B800C8F8083009F10809002BDAD10020ECE775
:10F7C800FEF762FB0023C8E90133BDE8F88F00BFEC
:10F7D80010B4946814B110BCFFF7BEBF2046546043
:10F7E80010BC70472DE9F04FBDB01C461746CDE957
:10F7F8000530029118B1836B002B00F07782029AD2
:10F80800536EDE0740F18481B2F90C108AB290047D
:10F8180008D441F4005202994B6E8A8123F40053B4
:10F8280092B24B66110740F1EC80029B1B69002BDA
:10F8380000F0E78002F01A030A2B00F0F08013AB07
:10F8480010930023CDE91133CDE90933CDE90B330A
:10F858000DF14C0904933B78002B00F046813C469F
:10F8680004E014F8013F002B00F02181252BF8D18A
:10F87800E51B40F01E812378002B00F036814FF005
:10F88800000300254FF0FF3B4FF02B088DF83B306D
:10F8980063780395671C0137A3F120025A2A00F206
:10F8A8004681DFE812F0A102440144019D024401AF
:10F8B800440144017C02440144016A0053024401AA
:10F8C8002902AF024401AB025B005B005B005B00F6
:10F8D8005B005B005B005B005B004401440144018A
:10F8E80044014401440144014401440113027800E5
:10F8F80044014401440144014401440144014401D8
:10F9080044014401D100440144014401F701440188
:10F9180041024401440121054401440144014401D8
:10F9280044014401440144014401440113027A00A2
:10F9380044014401440137027A00740044012D0255
:10F9480044016902D300570274004401F7017200B0
:10F958004105440144014305440172000021A3F11B
:10F96800300217F8013B01EB810102EB4101A3F1E1
:10F978003002092AF5D903918EE7059B53F8042B29
:10F98800002A03920593C0F2B4813B7883E73B7861
:10F9980045F020057FE745F01005AC06059E40F1CF
:10F9A8006B81073626F007063246736852F8086BF3
:10F9B80098460592002BC0F24984BBF1FF3F00F046
:10F9C800318556EA080325F0800A00F025840A2EBE
:10F9D80078F1000380F0E1840123554630368DF834
:10F9E800EF6001930DF1EF04DDF804809DF83B30E2
:10F9F800D845B8BFD846002B00F0A88008F1010808
:10FA0800A4E0029D06982946FCF708FF002840F06C
:10FA18009485AA8902F01A030A2B7FF410AF029981
:10FA2800B1F90E30002BFFF60AAF4B6EDE0702D499
:10FA3800950540F1628523463A46029906983DB0FD
:10FA4800BDE8F04F00F09ABD45F0100515F020080C
:10FA580000F00381059E073626F007063346D6F8E0
:10FA6800048053F8086B0593002325F4806A4FF04F
:10FA780000028DF83B20BBF1FF3F00F0DD8156EA24
:10FA880008022AF0800540F0D681BBF1000F40F053
:10FA9800CC84002B40F0C5831AF00103019300F0D9
:10FAA800EC8330230DF1EF048DF8EF309CE7E51B74
:10FAB8001BD0119B129A01332A44072BC9E9007500
:10FAC8001292119305DC09F10809049B2B44049355
:10FAD800D1E6002A00F09C830299069810AAFFF745
:10FAE8003BFE40B90DF14C09EFE7129B002B40F0AB
:10FAF800158500231193029A536ED90740F1A2800D
:10FB080093895B0600F1258504983DB0BDE8F08F28
:10FB1800029BB3F90C108D058AB23FF578AE1D46ED
:10FB2800986DFEF755FBB5F90C108AB26FE6002BFD
:10FB3800DBD04FF001088DF88C304FF0000323AC78
:10FB48008DF83B30CDF804804FF0000B15F0020320
:10FB5800079318BF08F1020815F08403089305D12C
:10FB6800039BA3EB0806002E00F38A82DDE911123D
:10FB7800481C9DF83B6076B1012101320DF13B062E
:10FB88000728CDE91102C9E9006100F3588201464E
:10FB980009F108090130079BD3B102230232C9F8E1
:10FBA800043007280FABCDE91102C9F8003040F343
:10FBB8006282002A00F027830299069810AAFFF7AC
:10FBC800CBFD002897D1DDE911120DF14C09481C35
:10FBD800089B802B00F07181019BABEB0306002E84
:10FBE80000F3CF81019B07281A44CDE91102C9F817
:10FBF8000040C9F8043040F35D81002A00F0938288
:10FC08000299069810AAFFF7A7FD00287FF473AFA2
:10FC1800129A0DF14C09680705D5039BA3EB08045C
:10FC2800002C00F38A82DDE903134145ACBF5B1861
:10FC380043440493002A40F0F38100230DF14C095A
:10FC4800119308E6029B9B899A053FF55AAF029CDF
:10FC5800A06DFEF7BFFAA38953E715F0100340F033
:10FC6800188315F0400200F01083059E984656F858
:10FC7800043B05969EB2F7E656F8043BE80605965F
:10FC880000F11083690640F10A8343F3C0381EB2BD
:10FC980043468FE64FF00003059E8DF83B3056F83B
:10FCA800044B002C00F0CF83BBF1FF3F00F04183F1
:10FCB8005A4600212046FEF7ABFD002800F02284BA
:10FCC800031B4FF0000B059601938DE64FF00003E0
:10FCD8004FF00108059E8DF83B3056F8043B23ACE5
:10FCE8008DF88C300596CDF804802DE7FDF7D4FE0D
:10FCF80085E5039B5B4203933B7845F00405CAE521
:10FD08003B786C2B03BF7B7845F02005013745F025
:10FD18001005C0E53B78682B03BF7B7845F4007578
:10FD2800013745F04005B6E545F0100A1AF02008FD
:10FD380000F07E82059E0123073626F0070632462C
:10FD4800D6F8048052F8086B059290E63B788DF857
:10FD58003B80A0E530228DF83C207822059B8DF869
:10FD68003D2053F8046BBE4A05934FF00008022368
:10FD780045F0020A09927AE6AE0600F1A482EC0682
:10FD880000F15983680600F1B083A90540F1538357
:10FD9800059E049A56F8043B1A7005965BE5069C86
:10FDA8002046FEF70DFA436818460B93F9F77AF8E0
:10FDB800034620460C931C46FEF702FA83680A9312
:10FDC800002C3FF4E2AD0A9B002B3FF4DEAD0A9B0A
:10FDD8001B78002B3FF4D9AD3B7845F480655AE594
:10FDE8003B7845F0010556E59DF83B30002B7FF444
:10FDF800CCAD20238DF83B303B784CE53B7845F083
:10FE0800800548E5394611F8013B2A2B00F0A68306
:10FE1800A3F13002092A0F464FF0000B3FF63CAD24
:10FE280017F8013B0BEB8B0B02EB4B0BA3F13002EA
:10FE3800092AF5D930E5AA46012B3FF4C8AD022BB3
:10FE48003CAC12D1099A06F00F03D35C360946EA96
:10FE580008764FEA181804F8013D56EA0803F2D16B
:10FE68003CAB1B1B55460193BEE506F00703F6089D
:10FE780046EA48764FEAD808303356EA080122465F
:10FE880004F8013DF1D11AF0010FE9D0302BE7D089
:10FE98003023023A04F8013C3CAB9B1A5546144601
:10FEA8000193A1E50123019A1394119314921292DC
:10FEB8000DF14C0909F10809ADE6039BA3EB08060F
:10FEC800002E7FF789AE102EDFF898A138DD534653
:10FED800CC46BA46C1460794A8461F46069C029DD2
:10FEE80007E001F1020E01460CF1080C103E102E3D
:10FEF8001EDD1023481C10320728CDE91102CCF86A
:10FF08000070CCF80430ECDD002A00F0928029461D
:10FF1800204610AAFFF720FC00287FF4ECADDDE9AD
:10FF28001112103E102E0DF14C0C01F1010EE0DC07
:10FF38003B4645465746C8467046E1469A46079CA2
:10FF480032440728CDE91102C9F800A0C9F80460B5
:10FF580040F39681002A00F09A820299069810AA26
:10FF6800FFF7FAFB00287FF4C6ADDDE91112019B0B
:10FF78000DF14C09ABEB0306002E01F101007FF7F0
:10FF880031AE102E40F36B82DFF8D8A0CC46534632
:10FF9800C146BA46A84607944FF0100B1F46069C68
:10FFA800029D07E001F1020E01460CF1080C103E1B
:10FFB800102E19DD481C10320728CCE9007BCDE94A
:10FFC8001102EFDD32B32946204610AAFFF7C4FB21
:10FFD80000287FF490ADDDE91112103E102E0DF1CE
:10FFE8004C0C01F1010EE5DC3B4645465746C84638
:08FFF8007046E1469A46079CA1
:020000040801F1
:1000000032440728CDE91102C9F800A0C9F80460FC
:1000100000F3E98009F108090130E7E54FF0010E2E
:1000200011460DF14C0CC6E70299069810AAFFF78D
:1000300097FB00283FF405AE61E54FF0010E114635
:100040000DF14C0C56E7002A00F0DE80029906986C
:1000500010AAFFF785FB00287FF451ADDDE91112EE
:100060000DF14C09481C9AE5643F01080C43010856
:10007000022201200FAB13930DF14C09149201469B
:1000800009F10809481CA7E5102E40F34582DDE977
:100090001132DFF8F0A219465346CC46BA46C146A3
:1000A0000D94A8461F46069C029D07E001F1020E32
:1000B00001460CF1080C103E102E1CDD1023481CCC
:1000C00010320728CDE91102CCF80070CCF80430CA
:1000D000ECDD32B32946204610AAFFF741FB002889
:1000E0007FF40DADDDE91112103E102E0DF14C0C18
:1000F00001F1010EE2DC3B4645465746C8467146D3
:10010000E1469A460D9C32440729CDE91112C9F8FF
:1001100000A0C9F8046000F3A78009F10809481C91
:100120002BE511464FF0010E0DF14C0CC3E76C07A7
:10013000119250D5039BA3EB0804002C4BDD0DF16D
:100140004C09102C40F3F881DFF838A210255346F3
:100150001199BA46069E1F46DDF808B006E0881CD5
:10016000194609F10809103C102C19DD4B1C1032FE
:10017000072BC9E90075CDE91132F0DD32B35946DC
:10018000304610AAFFF7ECFA00287FF4B8ACDDE99E
:100190001112103C102C0DF14C0901F10100E5DCAD
:1001A0003B4657469A4622440728C9E900A4CDE9B0
:1001B00011027FF73CAD72B10299069810AAFFF7C1
:1001C000CFFA00287FF49BAC129A30E5012011464B
:1001D0000DF14C09C7E7DDE903234245ACBF9B188D
:1001E000434404932DE5002A3FF460AE029906983B
:1001F00010AAFFF7B5FA00287FF481AC1198129A83
:100200000DF14C090130F1E4079B002B69D101206D
:1002100011460DF14C09DFE411920DF14C0958E43F
:10022000BBF1000F7FF4DCAB55464FF0000B3CAC4C
:10023000CDF804B0FFF7DCBB1AF0100340D11AF080
:10024000400239D0059E984656F8042B01230596A6
:1002500096B210E42D2376428DF83B30AA464FF03B
:10026000010368EB48080AE4002A6FD00299069857
:1002700010AAFFF775FA00287FF441AC0DF14C0984
:1002800078E43CACFFF7B4BB014609F10809013042
:10029000A6E415F4007840F01D81059B53F8046B2B
:1002A0000593FFF7E5BBAA0500F10E814FEAE3785D
:1002B0001E464346FFF782BB1AF4007840F0FB80ED
:1002C000059A012352F8046B0592FFF7D4BBDDE9D0
:1002D000041656F8042BCB17C2E900130596FFF756
:1002E000BEBA02220FAB13930DF14C091492C7E66C
:1002F000254A099215F0200836D0059E073626F0CB
:1003000007063246D6F8048052F8086B0592EA07D1
:1003100009D556EA080206D08DF83D30302345F065
:1003200002058DF83C30022325F4806AFFF7A3BB59
:10033000AA46FFE4154A0992DCE720460596F8F73D
:10034000B5FD4FF0000B0190FFF752BB9DF83B103D
:10035000002900F0A68001200DF13B0213920DF15F
:100360004C090246149016E415F0100214D115F051
:1003700040010DD0059E904656F8042B059696B286
:10038000C5E700BFFC420108783F0108643F01084F
:1003900015F4007840F0A680059A52F8046B059297
:1003A000B5E700230AF48062CDF804B0CDF81CA0B4
:1003B000BB46CDF820909A461746DDF828903CAD14
:1003C0000CE00023304641460A22F1F73BFA0A2EA0
:1003D00078F100031BD30646884625463046414641
:1003E0000A220023F1F72EFA30326C1E0AF1010ABC
:1003F00005F8012C002FE4D099F800305345E0D1E6
:10040000BAF1FF0FDDD00A2E78F100032ED2DDF80D
:100410001CA03CAB1B1B5F46CDF82890DDF804B058
:100420005546DDF820900193FFF7E2BAAA46FFF7A0
:10043000D2BA012BAA467FF406ADFFF7D1BA059ECA
:10044000049A56F8043B1A600596FFF708BABBF108
:10045000060FD84628BF4FF00608474CCDF8048059
:100460000596FFF775BBDFF814A1C9E50C9B0B9946
:10047000E41A1A462046FFF7C1F899F801300BB18B
:1004800009F10109304641460A2200234FF0000AD3
:10049000F1F7D8F99FE7012011460DF14C09FFF75C
:1004A0009FBB079B002B7FF4E3AD114601200DF1AC
:1004B0004C09FFF795BB059E904656F8042B012387
:1004C0000596D6B2FFF7D7BA43F3C0185EB24346DB
:1004D000FFF774BA059E904656F8043B0596DEB2C7
:1004E000FFF7C6BA059E884656F8042B0596D6B285
:1004F0000DE7059E049A56F8043B1A800596FFF70F
:10050000AEB9886DFDF76AFEFFF799BACDF804B071
:1005100005968346FFF76CBA1199129ADFF860A02E
:100520000131F0E50299069810AAFFF719F90028A1
:100530003FF4E3AAFFF7E3BA1198DFF844A00130D3
:1005400031E6029B5B6EDB0707D4029B9B899F050C
:1005500003D4029B986DFDF741FE4FF0FF330493E7
:10056000FFF7D6BA059A7B780F4652F8041B05921E
:1005700041EAE17BFFF793B98C3F01080C43010886
:10058000FC420108F0B54FF4806C15460024064685
:100590001F46ADF26C4D1AAB009304938B8916A8DD
:1005A00023F00203ADF80C304B6E06941993CB89FF
:1005B0000C46ADF80E30CB69CDF808C007934B6AF6
:1005C000CDF814C00993FDF703FE2A463B46694661
:1005D0003046FFF70BF9051E07DB69463046FDF78D
:1005E0002BFA002818BF4FF0FF35BDF80C305B0622
:1005F00003D5A38943F04003A3811698FDF7EAFDD4
:1006000028460DF26C4DF0BD38B50C46114600225F
:100610008446074D20462A601A466446F1F7A6FE36
:10062000431C00D038BD2B68002BFBD0236038BDA5
:100630000C1600202DE9F047DFF87CA00646DAF81A
:10064000000098460F469146FDF7C6FD1B4B1B6800
:10065000D3F8484124B365681F2D26DC5EB96B1CB6
:100660000235DAF80000636044F82570FDF7B6FD46
:100670000020BDE8F087012304EB8501C1F88890D4
:10068000D4F88821AB401A43022EC4F88821C1F85F
:100690000881E4D1D4F88C211343C4F88C31DEE70F
:1006A00003F5A674C3F84841D5E7DAF80000FDF772
:1006B00095FD4FF0FF30DCE740050020503F01087A
:1006C000144600B51A460A4B0D461B6885B0DE6815
:1006D00003464CB107490191304607490294009501
:1006E00000F0C2F800F04AFA04490C46F3E700BFF4
:1006F000140100201C4301082C430108E4170108E1
:1007000038B5A1FB021484BBFDF7DAFD0546D8B16C
:1007100050F8042C22F00302043A242A16D8132A93
:1007200019D91B2AC0E900441CD90023242A14BF6C
:1007300000F1100200F11802C0E9024404BF046194
:100740004461C2E900339360284638BD2146F8F77A
:100750004BFA284638BD024600232846C2E900333A
:10076000936038BD00F10802F6E7F8F7DFF90C23D3
:1007700000250360E8E700BF002238B5064D0446B7
:1007800008462A60F1F700FE431C00D038BD2B68F4
:10079000002BFBD0236038BD0C16002070B500295B
:1007A0004BD006460C4610B1836B002B48D0636ECD
:1007B000D80734D5B4F90C30002B3ED02146304652
:1007C000FDF7A8F8E36A054633B13046E16998477A
:1007D0000028B8BF4FF0FF35A3891A063BD4216B20
:1007E00041B104F14003994202D03046FDF750FA7E
:1007F00000232363616C21B13046FDF749FA0023E1
:100800006364FDF7D3F90022636EA281DB0727D56D
:10081000A06DFDF7DFFCFDF7CFF9284670BDA38979
:100820009905CBD4A06DFDF7D7FCB4F90C30002BA3
:10083000C4D1656E15F0010508D00025284670BDAD
:10084000FDF72EF9636ED807B4D4E8E7A06DFDF785
:10085000C5FC284670BD30462169FDF719FABEE790
:10086000A06DFDF7BBFCD3E70EB400B5074A82B01C
:1008700003AB0146106853F8042B0193FEF7B6FF53
:1008800002B05DF804EB03B0704700BF1401002014
:100890002DE9F04383B007468846144600F0A2F8DD
:1008A000012803D108F1FF33FE2B33D942463846E5
:1008B00004F15C0301A900F035F9421C06462FD073
:1008C00018B39DF8041000250DF1050908E0236810
:1008D0005A1C226019700135B54216D219F8011B55
:1008E000A368013B002BA360F1DAA269934201DB0C
:1008F0000A29ECD12246384600F0BCF8431CEAD164
:100900000646304603B0BDE8F0834646304603B0A5
:10091000BDE8F0835FFA88F106468DF80410D2E74F
:100920003046A38943F04003A38103B0BDE8F083C0
:1009300030B5536E144613F0010FB2F90C30054672
:1009400083B09AB201D198051CD5900406D4626E8A
:1009500043F4005342F40052A381626622462846C3
:10096000FFF796FF636E0546DA0702D4A3899B055D
:1009700002D5284603B030BDA06DFDF72FFC2846F8
:1009800003B030BDA06D0191FDF726FCB4F90C3029
:1009900001999AB2D9E700BF70B50026074D044609
:1009A000084611462E60F1F7F2FC431C00D070BDE2
:1009B0002B68002BFBD0236070BD00BF0C160020FD
:1009C000002238B5064D044608462A60F1F7E4FCDB
:1009D000431C00D038BD2B68002BFBD0236038BDF2
:1009E0000C160020014B93F8280170475409002091
:1009F00038B50C46114600228446074D20462A6031
:100A00001A466446F1F7CAFC431C00D038BD2B6877
:100A1000002BFBD0236038BD0C16002082B049B1FA
:100A20005AB16BB113780B601278101E18BF0120F9
:100A300002B0704701A9002AF3D1104602B07047F6
:100A40006FF00100F4E700BF38B50C4611460022F4
:100A50008446074D20462A601A466446F1F776FC24
:100A6000431C00D038BD2B68002BFBD0236038BD61
:100A70000C160020F8B506460D46144610B1836BDF
:100A8000002B43D0B4F90C20A3691007A36091B2E6
:100A90001BD52369CBB1EDB289042F4622D522683C
:100AA0006169D31A994229DD0133A1680139A16036
:100AB000511C2160157062699A422AD0A389DB0714
:100AC00001D50A2D25D03846F8BD21463046FBF722
:100AD000A9FE20BBB4F90C20EDB291B289042F46D7
:100AE0002369DCD442F40052A281626E616922F46F
:100AF000005262662268D31A9942D5DC21463046FC
:100B0000FCF79AFF58B901232268CEE7FCF7C8FF2B
:100B1000B8E721463046FCF78FFF0028D3D04FF0CE
:100B2000FF37D0E770B505461C4684B039B10B4E8F
:100B3000D6F8E060B047431C09D004B070BD0A4647
:100B40000649D1F8E06001A9B047431CF5D1002265
:100B50008A2322602B6004B070BD00BF54090020BE
:100B6000034649B1FF2A02D801200A7070478A2241
:100B70004FF0FF301A60704708467047062008B5EE
:100B800000F004F80120F1F7DBFB00BF38B5154B8E
:100B90001F281D6820D8D5F8DC22044662B152F81F
:100BA00020304BB1012B15D0591C0FD0002542F835
:100BB00020509847284638BD284600F029F822469C
:100BC00001462846BDE8384000F00EB81623012043
:100BD0002B6038BD002038BD16234FF0FF302B604E
:100BE00038BD00BF1401002070B50026074D044633
:100BF000084611462E60F1F79BFB431C00D070BDE8
:100C00002B68002BFBD0236070BD00BF0C160020AA
:100C1000F1F78CBB000000002DE9F84FB84F21F030
:100C20000046BE4204460D468A461CDDB54B9E4238
:100C30000DDC0AD0B44BB54AB54CBAF1000FD8BFA1
:100C4000134620461946BDE8F88F0028F2D0224608
:100C50002B4620462946EFF7EDFA04460B46204680
:100C60001946BDE8F88FAB4B9E4200F3B080A3F16C
:100C7000DE739E4240F39D804FF0FF3B22462B46A1
:100C800020462946EFF78CFC02460B4680468946F3
:100C9000EFF786FC82A3D3E9002306460F46EFF761
:100CA0007FFC81A3D3E90023EFF7C4FA32463B4629
:100CB000EFF776FC7EA3D3E90023EFF7BBFA3246C9
:100CC0003B46EFF76DFC7CA3D3E90023EFF7B2FAC4
:100CD00032463B46EFF764FC79A3D3E90023EFF7F4
:100CE000A9FA32463B46EFF75BFC77A3D3E9002332
:100CF000EFF7A0FA42464B46EFF752FC74A3D3E954
:100D000000238046894630463946EFF749FC72A3F6
:100D1000D3E90023EFF78CFA32463B46EFF740FC6D
:100D20006FA3D3E90023EFF783FA32463B46EFF790
:100D300037FC6DA3D3E90023EFF77AFA32463B463E
:100D4000EFF72EFC6AA3D3E90023EFF771FA3246DE
:100D50003B46EFF725FCBBF1FF3F02460B46404602
:100D6000494653D0EFF766FA6B4E22462B46EFF713
:100D700017FC6A4B06EBCB064FEACB0B9B44DBE937
:100D80000023EFF755FA22462B46EFF751FA0B46B0
:100D90000246D6E90001EFF74BFABAF1000F04461C
:100DA0000B46BFF64EAF01F1004320461946BDE8A1
:100DB000F88F51A3D3E90023EFF73CFA0022584BF8
:100DC000EFF77EFE00283FF457AF2B4639E700F0DF
:100DD000B1F8544B04469E420D4629DCA3F550233E
:100DE0009E4250DC02460B46EFF724FA00224C4BA1
:100DF000EFF71EFA02460B462046294614461D46CA
:100E00004FF0000B00224FF0804326E0EFF712FA7C
:100E100022462B46EFF7C4FB02460B4620462946E6
:100E2000EFF706FA04460B4620461946BDE8F88F50
:100E30003D4B9E421CDA00223C4BEFF7F9F902468B
:100E40000B462046294614461D460022374B4FF0DC
:100E5000020BEFF7A5FB0022314BEFF7EBF902464F
:100E60000B4620462946EFF7C5FC04460D4605E72C
:100E700002460B4600202E49EFF7BCFC4FF0030B57
:100E800004460D46FAE60022254BEFF7D1F902465B
:100E90000B46204629464FF0010B14461D46DAE763
:100EA00011DA22E33AAD903FEB0D76244B7BA93F5C
:100EB000513DD0A0660DB13F6E204CC5CD45B73F2A
:100EC000FF8300922449C23F0D5555555555D53FD6
:100ED0002F6C6A2C44B4A2BF9AFDDE522DDEAD3FCA
:100EE0006D9A74AFF2B0B33F711623FEC671BC3F6A
:100EF000C4EB98999999C93F9C7500883CE4377E6A
:100F0000FFFF0F440000F07FFB21F93FFB21F9BFF9
:100F1000182D4454FFFFDB3F704301089043010844
:100F20000000F03FFFFFF23F008003400000F83F69
:100F30000000F0BF21F00041704700BFF8B5044643
:100F40000D4600F025F8224606460F462B46204661
:100F50002946F0F761FC40B920462946FFF7EAFF31
:100F60000022084BEFF7ACFD10B930463946F8BD0A
:100F7000F7F7DCFD2122034603481A60BDE8F8407C
:100F800000F0D2BB0000F03FE417010800F03CBACB
:100F90002DE9F04FC64F21F00048B84504460D46F4
:100FA00087B033DD034608F1404808F5801858EA59
:100FB00003030ED002460B46EFF73AF90B46024602
:100FC000EFF718FC04460B462046194607B0BDE86B
:100FD000F08F9BA3D3E90023EFF7E2FA9AA3D3E9BA
:100FE000002326462F4604460D4630463946EFF785
:100FF000D7FA02460B4620462946EFF71BF904466E
:101000000B462046194607B0BDE8F08FA94B0E46A7
:1010100098450FDCB8F1795F80F254818CA3D3E955
:101020000023EFF707F90022A34BEFF749FD002853
:1010300040F0028120462946FFF77CFF02460B461E
:1010400000209D49EFF7F4F800229C4BEFF7A8FA37
:1010500081A3D3E9002304460D46EFF7A1FA80A34C
:10106000D3E90023EFF7E6F822462B46EFF798FA8C
:101070007DA3D3E90023EFF7DBF822462B46EFF7F9
:101080008FFA7BA3D3E90023EFF7D4F822462B464F
:10109000EFF786FA78A3D3E90023EFF7C9F82246E1
:1010A0002B46EFF77DFA76A3D3E90023EFF7C2F8DA
:1010B00022462B46EFF774FA73A3D3E90023CDE958
:1010C000020120462946EFF76BFA71A3D3E900230A
:1010D000EFF7AEF822462B46EFF762FA6EA3D3E99C
:1010E0000023EFF7A7F822462B46EFF759FA6CA337
:1010F000D3E90023EFF79CF822462B46EFF750FA8E
:101100006D4B0022EFF796F8CDE904012046294601
:1011100000F044FA6A4B824698458B466BDC0B46DE
:101120000022CDE900230246EFF784F8DDE904232D
:1011300080468946DDE90201EFF75CFB02460B467B
:1011400040464946EFF72CFA80468946DDE9000122
:1011500002460B46EFF724FA02460B462046294684
:10116000EFF766F804460D4650465946DDE900ABF8
:1011700052465B46EFF75EF802460B46204629468C
:10118000EFF738FB02460B46EFF754F802460B46E2
:101190002DA1D1E90001EFF74BF802460B4640467E
:1011A0004946EFF745F8524604460D465B46504621
:1011B0005946EFF73FF802460B463BA1D1E9000143
:1011C000EFF736F802460B4620462946EFF730F88F
:1011D0000B46024634A1D1E90001EFF729F8044695
:1011E0000B46002E3FF7F0AE03F1004320461946B0
:1011F00007B0BDE8F08FDDE90423DDE90201EFF778
:10120000F9FA52465B46EFF7CBF952465B46EFF7E9
:1012100011F802460B46EFF70DF80BA3D3E90023B4
:10122000EFF706F80B46024605A1D1E90001EEF7FB
:10123000FFFF04460B46D4E72B46C5E6AFF300801C
:10124000182D4454FB21F93F075C143326A6913C2A
:101250009C7500883CE4377E09F7FD0DE13D023FB7
:1012600088B20175E0EF493F3B8F68B52882A43F03
:101270005544880E55C1C93F7D6FEB0312D6D43F4C
:10128000555555555555C53F82922EB1C5B8B33FFA
:1012900059018D1B6C06E63FC88A599CE52A00401F
:1012A0004B2D8A1C273A0340182D4454FB21E93F5B
:1012B000FFFFEF3FFFFFDF3F0000F03F0000E03F98
:1012C0003233EF3F02460B46EFF76AF938A3D3E912
:1012D000002380468946EFF763F937A3D3E900235B
:1012E000EEF7A8FF42464B46EFF75AF934A3D3E98D
:1012F0000023EEF79DFF42464B46EFF751F932A32C
:10130000D3E90023EEF796FF42464B46EFF748F944
:101310002FA3D3E90023EEF78BFF42464B46EFF7AE
:101320003FF92DA3D3E90023EEF784FF42464B4655
:10133000EFF736F92AA3D3E9002382468B464046CD
:101340004946EFF72DF928A3D3E90023EEF770FF04
:1013500042464B46EFF724F925A3D3E90023EEF7E5
:1013600069FF42464B46EFF71BF923A3D3E900235D
:10137000EEF75EFF42464B46EFF712F90022204B94
:10138000EEF758FF02460B4650465946EFF732FA41
:1013900022462B46EFF704F922462B46EEF74AFF8A
:1013A00004460B462046194607B0BDE8F08F00BF43
:1013B00009F7FD0DE13D023F88B20175E0EF493FBD
:1013C0003B8F68B52882A43F5544880E55C1C93F5C
:1013D0007D6FEB0312D6D43F555555555555C53F36
:1013E00082922EB1C5B8B33F59018D1B6C06E63F02
:1013F000C88A599CE52A00404B2D8A1C273A034095
:101400000000F03F000000009C462DE9F84F5342D9
:101410005F4C13432CF0004949EAD373A34296462C
:1014200007460E463DD84542054321F0004A4AEAA8
:10143000D575A54203468B4633D80CF1404505F5DA
:10144000801515433DD04FEAAC7505F002055AEA08
:10145000030345EAD1752CD059EA020335D0A145E2
:1014600046D0A24531D0AAEB0909B9F1747F4FEA01
:10147000295339DABCF1000F46DA3C3344DA002054
:101480000021012D58D0022D49D085B134A3D3E9D4
:101490000023EEF7CDFE34A3D3E90023EEF7C8FE18
:1014A00005E03A46704661463346EEF7C3FEBDE8B6
:1014B000F88F022D10D0032DF9D12DA1D1E9000113
:1014C000F5E7BDE8F84FFFF7A7BBBBF1000F07DB5F
:1014D00029A1D1E90001EAE723A1D1E90001E6E76A
:1014E00027A1D1E90001E2E723A1D1E90001C8E782
:1014F000CA4505F1FF3523D0022D29D8254B03EB32
:10150000C505D5E90001D2E7724663463846314643
:10151000EFF770F9FFF70EFDFFF77EFBB1E710A3C1
:10152000D3E90023EEF784FE02460B460EA1D1E973
:101530000001EEF77DFEBAE701F100431946B6E778
:10154000022D08D8144B03EBC505D5E90001AEE721
:1015500000200021ABE70CA1D1E90001A7E700BF03
:10156000075C143326A6A13C182D4454FB210940E6
:10157000182D4454FB2109C0182D4454FB21F93F78
:10158000182D4454FB21F9BF182D4454FB21E93F89
:101590000000F07FC8430108B04301082DE9F8437B
:1015A000604E054636EA01020C4600F09E80002996
:1015B0000B46844654DD091562D0C3F31303C807F4
:1015C000A1F2FF3743F4801304D45B0003EBDC7318
:1015D0004FEA4C0C00264FEADC7202EB43034FF05B
:1015E000160E4FF4001234467F104FEA4C0CA1182F
:1015F000994202DC5B1A8C1816445B00BEF1010EA6
:1016000003EBDC734FEA52024FEA4C0CEFD1754604
:1016100020204FF000420AE043D04FEADC7101384D
:1016200001EB43034FEA4C0C4FEA520242D0A34273
:1016300002EB0E01F0DD002901EB020E0ADBA046F1
:101640001B1B614588BF03F1FF334446ACEB010C23
:101650001544E2E7BEF1000FF1DB04F10108EFE70A
:1016600021F00042024336D000294CD14FEADC225F
:10167000134615394FEA4C5C002AF7D0D6024CD4F9
:1016800000205B00DD02044600F10100F9D51A4696
:1016900063460CFA00FCC0F12000C340091B134351
:1016A0008BE76145B9D8002901EB020ED2DB9846E1
:1016B0000023CAE753EA0C0311D16808731003F141
:1016C0007F5303F50013F20748BF40F0004003EBDF
:1016D000075905464C4628462146BDE8F883691C53
:1016E00016BF681C01364008E8E702460B46EEF7D5
:1016F00057FF2A462346EEF79DFD05460C46284631
:101700002146BDE8F8830246EEF792FD02460B46FD
:10171000EFF770F805460C46DDE7634620204FF0F2
:10172000FF34BAE70000F07F00200149704700BF96
:101730000000F87FF8B500BFF8BC08BC9E467047B3
:0C174000F8B500BFF8BC08BC9E4670471E
:101750000000000000000000000000000000000089
:101760000500000005000000050000000500000065
:10177000050000000000000005000000000000005F
:1017800005000000FBFFFFFF05000000FBFFFFFF5F
:1017900000000000FBFFFFFF00000000FBFFFFFF59
:1017A000FBFFFFFFFBFFFFFFFBFFFFFFFBFFFFFF59
:1017B000FBFFFFFF00000000FBFFFFFF0000000039
:1017C000FBFFFFFF05000000FBFFFFFF050000001F
:1017D00000000000050000000000000005000000FF
:1017E000256C660A00000000413500006177710039
:1017F0002C0000006D70755F7375636365737321F2
:10180000210000006D70755F66696C656400000002
:101810006361725F696E6974656421000000000095
:101820000000000001020304060708090000000090
:101830000102030402030405060708090A0B0C0D44
:101840000E0F101001020000556E737570706F72EC
:1018500074656420736F6674776172652070726F4F
:1018600064756374207265762025642E0A0000007A
:1018700050726F64756374204944207265616420FE
:101880006173203020696E646963617465732064DC
:10189000657669636520697320656974686572207F
:1018A000696E636F6D70617469626C65206F722020
:1018B000616E204D5055333035302E0048616C66D6
:1018C0002073656E736974697669747920706172CA
:1018D0007420666F756E642E0000000068000004BE
:1018E00076005401F7FD000175191A0C6A231B1CC0
:1018F0001F207274433B4138393A6B6C376F0624B2
:101900006D6E7000830000000008000000010018E8
:1019100032000500000020410000D242295C0F3E49
:101920009A99993E3333733F295C0F3E4CCD6C003E
:101930000CC92C003656760026466600FEF2ABC473
:10194000AAF1DFDFBBAFDFDF00000000B8AAB38D74
:10195000B4980D355D000000B8AAAAAAB088C3C526
:10196000C70000000000700000000024000000021A
:101970000003000000650054FFEF0000FA80000B38
:1019800012820001030C30C30E8C8CE914D5400286
:1019900013710F8E3883F8833000F883258EF88317
:1019A0003000F883FFFFFFFF0FFEA9D624000400DC
:1019B0001A8279A10000003CFFFF00000010000027
:1019C00038836FA2003E03304000000002CAE309E2
:1019D0003E800000200000000000000040000000E9
:1019E00060000000000C0000000C186E0000069261
:1019F0000A16C0DFFFFF0256FD8CD377FFE1C496C5
:101A0000E0C5BEAA00000000FFFF0B2B0000165728
:101A1000000003594000000000001DFA00026C1D88
:101A2000000000003FFFDFEB003EB3B6000D227860
:101A300000002F3C00000000001942B5000039A250
:101A40000000B365D90E9FC91DCF4C343000000093
:101A5000500000003BB67AE80064000000C80000B7
:101A600000000000100000001000FA921000225E3A
:101A7000000D229F0001000000320000FF46000020
:101A800063D400001000000004D6000004CC000065
:101A900004CC0000000010720000004000000000B4
:101AA0000000000000060002000500070000000022
:101AB0000064000000000000000000050005006454
:101AC00000200000000000000000000000004000B6
:101AD0000000030000000032F8980000FF650000DD
:101AE000830F0000FF9BFC000000000000000000CE
:101AF00000000000000000000000000000000000E6
:101B000000000000000000000000000000000000D5
:101B10000000100040000000000000060000B26A53
:101B2000000200000001FB830068000000D9FC00F7
:101B30007CF1FF830000000000650000006403E802
:101B400000640028000000250000000016A000002E
:101B50000000100000001000002F0000000001F441
:101B60000000100000280000FFFF4581FFFFFA720F
:101B70000000000000000000004400050005BAC697
:101B8000004778A2000000010000000000000600ED
:101B9000000000140000254D002F706D000005AE00
:101BA000000C02D000000000000000000000000057
:101BB00000000000001B000000000000000000000A
:101BC00000000000006400000008000000000000A9
:101BD0000000000000000000000000000000000005
:101BE00000000000000000000000000000000000F5
:101BF00000000000000000000000000000000000E5
:101C000000000000000000000000000000000000D4
:101C100000000000000000000000000000000000C4
:101C200000000000001B0000000000000000000099
:101C3000000E000E00000AC7000400000000003281
:101C4000FFFFFF9C00000B2B0000000200000001C2
:101C500000000064FFE5000000000000000000003C
:101C60000000000000000001000000000001000072
:101C700000000000000180000001800000018000E1
:101C8000002426D300000000000000000006001021
:101C90000096003C00000000000000000000000072
:101CA000000000000C0A4E68CDCF77095016675926
:101CB000C619CE82000000000000000000000000F5
:101CC00000000000000000000000000017D78400A2
:101CD000030000000000000000000000C7938F9D7B
:101CE0001E1B1C1900000000000000000000000086
:101CF0000000000000000000000000000203188542
:101D0000000040000000000300000003000000008D
:101D10000000000040000000000000000000000083
:101D200000000000000000000000000000000000B3
:101D300000000000000000000000000000000000A3
:101D40000000000000000000677DDF7E72902E55CD
:101D50004CF6E688000000000000000000000000D3
:101D600000000000D8DCB4B8B0D8B9ABF3F8FAB3CF
:101D7000B7BB8E9EAEF132F51BF1B4B8B08097F1CF
:101D8000A9DFDFDFAADFDFDFF2AAC5CDC7A90CC953
:101D90002C97F1A989264666B28999A92D557DB05F
:101DA000B08AA896365676F1BAA3B4B280C0B8A865
:101DB0009711B28398BAA3F0240844106418B2B9FA
:101DC000B49883F1A329557DBAB5B1A38393F000EC
:101DD0002850F5B2B6AA839328547CF1B9A3829314
:101DE00061BAA2DADEDFDB819AB9AEF5606870F124
:101DF000DABAA2DFD9BAA2FAB9A38292DB31BAA2C7
:101E0000D9BAA2F8DF85A4D0C1BBAD83C2C5C7B81B
:101E1000A2DFDFDFBAA0DFDFDFD8D8F1B8AAB38D49
:101E2000B4980D355DB2B6BAAF8C96198F9FA70ED8
:101E3000161EB49AB8AA872C547CBAA4B08AB6915C
:101E4000325676B28494A4C808CDD8B8B4B0F1990B
:101E500082A82D557D98A80E161EA22C547C92A403
:101E6000F02C5078F184A898C4CDFCD80DDBA8FCE8
:101E70002DF3D9BAA6F8DABAA6DED8BAB2B68696E3
:101E8000A6D0F3C841DAA6C8F8D8B0B4B882A892F0
:101E9000F52C548898F135D9F418D8F1A2D0F8F976
:101EA000A884D9C7DFF8F883C5DADF69DF83C1D832
:101EB000F40114F1A8824EA884F311D182F5D992CD
:101EC000289788F109F41C1CD884A8F3C0F9D1D94B
:101ED0009782F129F40DD8F3F9F9D1D982F4C2032C
:101EE000D8DEDF1AD8F1A2FAF9A88498D9C7DFF8AA
:101EF000F8F883C7DADF69DFF883C3D8F40114F197
:101F000098A8822EA884F311D182F5D9925097888F
:101F1000F109F41CD884A8F3C0F8F9D1D99782F15B
:101F200049F40DD8F3F9F9D1D982F4C403D8DEDF2E
:101F3000D8F1AD8898CCA809F9D98292A8F57CF19E
:101F4000883ACF944A6E98DB6931DAADF2DEF9D87F
:101F50008795A8F221D1DAA5F9F417D9F1AE8ED080
:101F6000C0C3AE82C684C3A88595C8A588F2C0F157
:101F7000F4010EF18E9EA8C63E56F554F18872F417
:101F80000115F19845856EF58E9E0488F142985AA8
:101F90008E9E068869F4011CF1981E1108D0F50484
:101FA000F11E970202983625DBF9D985A5F3C1DA2F
:101FB00085A5F3DFD88595A8F309DAA5FAD882922A
:101FC000A8F578F1881A849F26889821DAF41DF301
:101FD000D8879F39D1AFD9DFDFFBF9F40CF3D8FAFA
:101FE000D0F8DAF9F9D0DFD9F9D8F40BD8F3879F14
:101FF00039D1AFD9DFDFF41DF3D8FAFCA869F9F9BC
:10200000AFD0DADEFAD9F88F9FA8F1CCF398DB4590
:10201000D9AFDFD0F8D8F18F9FA8CAF38809DAAF1B
:102020008FCBF8D8F2AD978D0CD9A5DFF9BAA6F30E
:10203000FAF412F2D8950DD1D9BAA6F3FADAA5F2CC
:10204000C1BAA6F3DFD8F1BAB2B68696A6D0CAF363
:1020500049DAA6CBF8D8B0B4B8D8AD84F2C0DFF175
:102060008FCBC3A8B2B68696C8C1CBC3F3B0B48831
:1020700098A821DB718D9D71859521D9ADF2FAD893
:102080008597A828D9F408D8F28D29DAF405D9F271
:1020900085A4C2F2D8A88D9401D1D9F411F2D887C1
:1020A00021D8F40AD8F28498A8C801D1D9F411D85B
:1020B000F3A4C8BBAFD0F2DEF8F8F8F8F8F8F8F8F7
:1020C000D8F1B8F6B5B9B08A95A3DE3CA3D9F8D853
:1020D0005CA3D9F8D87CA3D9F8D8F8F9D1A5D9DF71
:1020E000DAFAD8B18530F7D9DED8F830ADDADED8F3
:1020F000F2B48C99A32D557DA083DFDFDFB591A0CD
:10210000F629D9FBD8A0FC29D9FAD8A0D051D9F802
:10211000D8FC51D9F9D879D9FBD8A0D0FC79D9FA13
:10212000D8A1F9F9F9F9F9A0DADFDFDFD8A1F8F8D9
:10213000F8F8F8ACDEF8ADDE8393AC2C547CF1A853
:10214000DFDFDFF69D2CDAA0DFD9FADB2DF8D8A887
:1021500050DAA0D0DED9D0F8F8F8DB55F8D8A87856
:10216000DAA0D0DFD9D0FAF8F8F8F8DB7DF8D89CFF
:10217000A88CF530DB38D9D0DEDFA0D0DEDFD8A8E0
:1021800048DB58D9DFD0DEA0DFD0DED8A868DB700E
:10219000D9DFDFA0DFDFD8F1A888902C547C98A885
:1021A000D05C38D1DAF2AE8CDFF9D8B087A8C1C1E3
:1021B000B188A8C6F9F9DA36D8A8F9DA36D8A8F974
:1021C000DA36D8A8F9DA36D8A8F9DA36D8F78D9DF4
:1021D000ADF818DAF2AEDFD8F7ADFA30D9A4DEF9EF
:1021E000D8F2AEDEFAF983A7D9C3C5C7F1889BA799
:1021F0007AADF7DEDFA4F8849408A797F300AEF277
:102200009819A488C6A39488F632DFF28393DB0979
:10221000D9F2AADFD8D8AEF8F9D1DAF3A4DEA7F163
:10222000889B7AD8F38494AE19F9DAAAF1DFD8A89A
:1022300081C0C3C5C7A39283F628ADDED9F8D8A361
:1022400050ADD9F8D8A378ADD9F8D8F8F9D1A1DA3A
:10225000DEC3C5C7D8A18194F818F2B089ACC3C554
:10226000C7F1D8B8B4B09786A8319B069907AB9749
:1022700028889BF00C201440B0B4B8F0A88A9A28A3
:102280005078B79BA829517924705944693864481B
:1022900031F1BBAB88002C547CF0B38BB8A8042878
:1022A0005078F1B088B49726A85998BBABB38B028D
:1022B000264666B0B8F08A9CA82951798B295179B5
:1022C0008A2470598B2058718A4469388B39406848
:1022D0008A6448318B30496088F1AC002C547CF022
:1022E0008CA804285078F1889726A85998AC8C02BD
:1022F000264666F0899CA82951792470594469388A
:10230000644831A98809205970AB11384069A8196F
:102310003148608CA83C415C207C00F1879819868C
:10232000A86E767EA999882D557DD8B1B5B9A3DF61
:10233000DFDFAED0DFAAD0DEF2ABF8F9D9B087C4C8
:10234000AAF1DFDFBBAFDFDFB9D8B1F1A3978E60B1
:10235000DFB084F2C8F8F9D9DED89385F14AB183A9
:10236000A308B5839A0810B79F10D8F1B0BAAEB0E1
:102370008AC2B2B68E9EF1FBD9F41DD8F9D90CF100
:10238000D8F8F8AD61D9AEFBD8F40CF1D8F8F8ADB7
:1023900019D9AEFBDFD8F416F1D8F8AD8D61D9F4B8
:1023A000F4ACF59C9C8DDF2BBAB6AEFAF8F40BD8E2
:1023B000F1AED0F8AD51DAAEFAF8F1D8B9B1B6A3B2
:1023C000839C08B9B1839AB5AAC0FD3083B79F102A
:1023D000B58B93F20202D1ABDADED8F1B080BAABA2
:1023E000C0C3B284C1C3D8B1B9F38BA391B609B449
:1023F000D9ABDEB0879CB9A3DDF1B38B8B8B8B8B14
:10240000B087A3A3A3A3B28BB69BF2A3A3A3A3A35A
:10241000A3A3A3A3A3F1B087B59AA3F39BA3A3DCC3
:10242000BAACDFB9A3A3A3A3A3A3A3A3A3A3A3A30A
:10243000A3A3A3A3D8D8D8BBB3B7F1AAF9DAFFD91D
:10244000809AAA28B48098A720B79787A86688F0B2
:102450007951F1902C870CA781976293F07171608C
:1024600085940129517990A5F1284C6C870C951819
:102470008578A38390284C6C886CD8F3A28200F2F4
:1024800010A8921980A2F2D926D8F188A84DD9486F
:10249000D896A83980D93CD89580A839A68698D9ED
:1024A0002CDA87A72CD8A8899519A980D938D8A85B
:1024B0008939A980DA3CD8A82EA83990D90CD8A897
:1024C000953198D90CD8A809D9FFD801DAFFD89549
:1024D00039A9DA26FFD890A80D8999A810809821EB
:1024E000DA2ED88999A83180DA2ED8A8869631803C
:1024F000DA2ED8A8873180DA2ED8A88292F34180CC
:10250000F1D92ED8A882F31980F1D92ED882ACF354
:10251000C0A28022F1A62EA72EA92298A829DAAC63
:10252000DEFFD8A2F22AF1A92E8292A8F23180A66B
:1025300096F1D900AC8C9C0C30ACDED0DEFFD88C90
:102540009CACD010ACDE8092A2F24C82A8F1CAF210
:1025500035F19688A6D900D8F1FF00004D79636166
:10256000723E5F3C00000000000000000000000020
:10257000002F000000000700070000147F147F14E4
:1025800000242A7F2A12006264081323003649556A
:10259000225000000503000000001C224100000042
:1025A00041221C000014083E08140008083E0808D8
:1025B000000000A060000008080808080000606033
:1025C0000000002010080402003E5149453E000072
:1025D000427F4000004261514946002141454B3154
:1025E000001814127F10002745454539003C4A4920
:1025F0004930000171090503003649494936000692
:102600004949291E000036360000000056360000F9
:102610000008142241000014141414140000412274
:10262000140800020151090600324959513E007C4C
:102630001211127C007F49494936003E4141412236
:10264000007F4141221C007F49494941007F09091F
:102650000901003E4149497A007F0808087F0000CF
:10266000417F4100002040413F01007F081422418A
:10267000007F40404040007F020C027F007F040842
:10268000107F003E4141413E007F09090906003E9E
:102690004151215E007F09192946004649494931C7
:1026A0000001017F0101003F4040403F001F2040EA
:1026B000201F003F4038403F0063140814630007A8
:1026C0000870080700615149454300007F414100FF
:1026D00000552A552A55000041417F00000402019F
:1026E000020400404040404000000102040000207D
:1026F00054545478007F48444438003844444420BB
:1027000000384444487F00385454541800087E0967
:1027100001020018A4A4A47C007F0804047800002F
:10272000447D4000004080847D00007F10284400EC
:102730000000417F4000007C04180478007C0804FD
:10274000047800384444443800FC24242418001839
:10275000242418FC007C0804040800485454542025
:1027600000043F444020003C4040207C001C2040AE
:10277000201C003C4030403C004428102844001CF1
:10278000A0A0A07C004464544C44141414141414E9
:102790000000000000000000000000000000FC003D
:1027A0000000000002000000000C020C020000000B
:1027B0000000000090D0BCD0BC90000300030000DB
:1027C0001824FE448C000302070201001824D8B02C
:1027D0004C80000300010201C038E438E00001022F
:1027E00002010202080600000000000000000000D4
:1027F000000000F80402000000010204000204F8D6
:1028000000000004020100009060F86090000000E9
:10281000010000002020FC2020000000010000003A
:10282000000000000000080600000000202020201A
:102830002000000000000000000000000000000276
:10284000000000000080601C020004030000000083
:10285000F8040404F8000102020201000008FC0070
:102860000000000203020000188444241800030240
:102870000202020008042424D8000102020201001E
:1028800040B088FC80000000000302003C242424A7
:10289000C400010202020100F824242CC00001023D
:1028A000020201000C04E41C04000000030000000C
:1028B000D8242424D80001020202010038444444F0
:1028C000F8000003020201000000100000000000F8
:1028D00002000000000020000000000006000000D0
:1028E00000205088040200000000010290909090A7
:1028F0009000000000000000000204885020000248
:10290000010000001804C4241800000002000000A8
:10291000F804E494F80001020202020000E09CF0D6
:10292000800002030000030204FC2424D8000203F8
:1029300002020100F80404040C000102020201007A
:1029400004FC0404F80002030202010004FC2474E5
:102950000C0002030202030004FC24740C000203B6
:1029600002000000F0080444CC4000010202010013
:1029700004FC2020FC040203000003020404FC0405
:102980000400020203020200000404FC0404060422
:102990000403000004FC24D00C0402030200030220
:1029A00004FC04000000020302020203FC3CC03CE1
:1029B000FC0003000300030004FC30C4FC04020319
:1029C00002000300F8040404F800010202020100FE
:1029D00004FC24241800020302000000F88484048C
:1029E000F80001020207050004FC246498000203B9
:1029F00002000302182424448C0003020202010096
:102A00000C04FC040C0000020302000004FC0000A3
:102A1000FC04000102020100047C80E01C040000B0
:102A2000030000001CE03CE01C0000030003000069
:102A3000049C609C0400020300030200041CE01CD0
:102A400004000002030200000C84641C0400020362
:102A5000020203000000FE0202000000070404005E
:102A6000000E30C00000000000010200000202FE63
:102A7000000000040407000000040204000000003D
:102A80000000000000000000000008080808080816
:102A90000000020000000000000000000040A0A0B4
:102AA000C00000010202030204FC2020C000000359
:102AB0000202010000C020206000000102020200AA
:102AC00000C02024FC0000010202030200C0A0A0FC
:102AD000C0000001020202000020F82424040002C9
:102AE000030202000040A0A0602000070A0A0A04B6
:102AF00004FC2020C0000203020003020020E400C6
:102B00000000000203020000000020E400000808AA
:102B10000807000004FC80E02020020302000302FA
:102B20000404FC000000020203020200E020E02096
:102B3000C00003000300030020E02020C0000203C7
:102B40000200030200C02020C000000102020100B8
:102B500020E02020C000080F0A02010000C0202051
:102B6000E0000001020A0F0820E0402020000203DC
:102B7000020000000060A0A020000002020203008A
:102B80000020F820000000000102020020E00020E8
:102B9000E00000010202030220E02080602000002B
:102BA000030100006080E08060000003000300007B
:102BB00020608060200002030003020020E02080EB
:102BC00060200808070100000020A060200000022B
:102BD00003020200000020DE0200000000070400E3
:102BE000000000FF00000000000F00000002DE20D7
:102BF00000000004070000000201020404020000BB
:102C000000000000000000000000000000000000C4
:102C100000000000000000F8000000000000003389
:102C20003000000000100C06100C06000000000030
:102C30000000000040C07840C0784000043F040419
:102C40003F040400007088FC08300000001820FFDA
:102C5000211E0000F008F000E018000000211C0315
:102C60001E211E0000F00888700000001E21232491
:102C70001927211010160E000000000000000000AF
:102C800000000000000000E018040200000000073F
:102C90001820400000020418E00000000040201846
:102CA00007000000404080F0804040000202010F19
:102CB00001020200000000F0000000000101011FFD
:102CC00001010100000000000000000080B0700061
:102CD00000000000000000000000000000010101F1
:102CE0000101010100000000000000000030300080
:102CF000000000000000000080601804006018065A
:102D00000100000000E010080810E000000F102093
:102D100020100F00001010F8000000000020203FDD
:102D20002020000000700808088870000030282467
:102D30002221300000300888884830000018202008
:102D400020110E000000C02010F80000000704242D
:102D5000243F240000F80888880808000019212072
:102D600020110E0000E0108888180000000F1120CC
:102D700020110E0000380808C83808000000003F85
:102D8000000000000070880808887000001C2221E4
:102D900021221C0000E010080810E0000000312291
:102DA00022110F00000000C0C00000000000003031
:102DB0003000000000000080000000000000806083
:102DC0000000000000008040201008000001020404
:102DD00008102000404040404040400004040404EB
:102DE00004040400000810204080000000201008A7
:102DF00004020100007048080808F00000000030DC
:102E000036010000C030C828E810E0000718272469
:102E100023140B000000C038E0000000203C230217
:102E20000227382008F8888888700000203F20207A
:102E300020110E00C03008080808380007182020AC
:102E40002010080008F808080810E000203F2020A3
:102E500020100F0008F88888E8081000203F202084
:102E60002320180008F88888E8081000203F200078
:102E700003000000C03008080838000007182020B0
:102E8000221E020008F808000008F808203F21016F
:102E900001213F20000808F8080800000020203F1A
:102EA0002020000000000808F8080800C08080808A
:102EB0007F00000008F888C028180800203F200183
:102EC0002638200008F8080000000000203F2020DD
:102ED0002020300008F8F800F8F80800203F003FF4
:102EE000003F200008F830C00008F808203F20000C
:102EF00007183F00E01008080810E0000F1020201D
:102F000020100F0008F808080808F000203F2101F1
:102F100001010000E01008080810E0000F18242448
:102F200038504F0008F8888888887000203F2000BB
:102F3000030C302000708808080838000038202171
:102F400021221C00180808F8080818000000203F7B
:102F50002000000008F808000008F808001F2020E2
:102F600020201F000878880000C8380800000738B3
:102F70000E010000F80800F80008F800033C070004
:102F8000073C0300081868808068180820302C036C
:102F9000032C30200838C800C83808000000203F43
:102FA0002000000010080808C83808002038262132
:102FB00020201800000000FE020202000000007F36
:102FC00040404000000C30C0000000000000000144
:102FD0000638C00000020202FE000000004040402F
:102FE0007F00000000000402020204000000000054
:102FF00000000000000000000000000080808080D1
:1030000080808080000202040000000000000000B8
:103010000000000000008080808000000019242251
:1030200022223F2008F8008080000000003F11208D
:1030300020110E000000008080800000000E112092
:1030400020201100000000808088F800000E112070
:1030500020103F200000808080800000001F22227E
:1030600022221300008080F0888888180020203FEA
:10307000202000000000808080808000006B9494FD
:103080009493600008F8008080800000203F2100B9
:1030900000203F2000809898000000000020203F82
:1030A00020200000000000809898000000C0808070
:1030B000807F000008F8000080808000203F24020C
:1030C0002D302000000808F8000000000020203FFC
:1030D000202000008080808080808000203F2000B1
:1030E0003F20003F8080008080800000203F210042
:1030F00000203F200000808080800000001F2020F2
:1031000020201F00808000808000000080FFA12020
:1031100020110E000000008080808000000E112031
:1031200020A0FF80808080008080800020203F21C0
:103130002000010000008080808080000033242473
:1031400024241900008080E0808000000000001F1F
:10315000202000008080000000808000001F2020D0
:1031600020103F20808080000080808000010E3091
:103170000806010080800080008080800F300C03F2
:103180000C300F0000808000808080000020312EF5
:103190000E312000808080000080808080818E70D1
:1031A0001806010000808080808080000021302C83
:1031B0002221300000000000807C0202000000009C
:1031C000003F404000000000FF0000000000000041
:1031D000FF0000000002027C800000000040403F31
:1031E00000000000000601010202040400000000CB
:1031F00000000000000000000000000000000000CF
:1032000000000000000000000000000000000000BE
:1032100000000000000000000000000000F0F0F0DE
:10322000000000000000000000017F01000000001D
:1032300000000000001C1C1C00000000000080605A
:10324000301C8C60301C0C000000000000000000EE
:10325000000000000000000000000000000000006E
:10326000000000E00000000000E000000086E69F93
:1032700086868686E69F860000011F010101010106
:103280001F010100000080C06020F820E0C00000A5
:10329000000003070C18FF70E18100000000070F19
:1032A00010107F100F070000806020608000000079
:1032B000E02000000F3020309F70DC371030C0005D
:1032C0000000100E03000718101807000000C020AF
:1032D00020E0C0000000000080E01F38E88703C441
:1032E0003C040000070F1810100B070D1010080009
:1032F00000808C4C3800000000000000000000003E
:1033000000000000000000000000000000000000BD
:103310000000000000000000000080E03008040011
:103320000000000000FEFF0100000000000000009F
:103330000000030F1820400000040830E080000067
:10334000000000000000000001FFFE00000000007F
:10335000004020180F0300000000000000000000E3
:103360000000C00000000000004266663C18FF1824
:103370003C66664200000000000003000000000000
:10338000000000000000800000000000001010108D
:103390001010FF10101010100000000000000300BB
:1033A000000000000000000000000000000000001D
:1033B00000000000000000000000000000808C4CB5
:1033C00038000000000000000000000000000000C5
:1033D000000000000010101010101010101010004D
:1033E00000000000000000000000000000000000DD
:1033F00000000000000000000000000000000000CD
:103400000000000000001C1C1C0000000000000068
:103410000000000000000000E0380C000000000088
:1034200080701C03000000000060380E01000000E6
:1034300000000000000080C060202060C08000000C
:1034400000FEFF010000000001FFFE000001070E6A
:10345000181010180E0701000000808080C0E000E6
:10346000000000000000000000FFFF00000000005E
:1034700000001010101F1F101010000000804020CE
:1034800020202060C080000000030300804020381E
:103490001F070000001C1A1918181818181F000020
:1034A0000080C020202060C08000000000030300D6
:1034B0001010182FE780000000070F1010101018D0
:1034C0000F070000000000000000C0E0F000000056
:1034D00000C0B088868180FFFF808000000000006F
:1034E0000010101F1F1010000000E060606060609E
:1034F0006060000000003F1008080818F0E00000BD
:1035000000070B101010101C0F030000000080C0FB
:1035100040202020E0C0000000FCFF211008080827
:1035200018F0E0000001070C18101010080F03003D
:103530000000C0E06060606060E0600000000300C8
:103540000000E0180700000000000000001F1F003E
:10355000000000000080C0602020202060C08000AB
:103560000087EF2C1818303068CF830000070F0851
:1035700010101010180F07000000C0C020202020DD
:10358000C0800000001F3F604040402010FFFE0050
:1035900000000C1C101010080F03000000000000B9
:1035A000000000000000000000000000000E0E0EF1
:1035B0000000000000000000001C1C1C00000000B7
:1035C00000000000000000000000000000000000FB
:1035D000000C0C0000000000000000000058380043
:1035E00000000000000000000000008040201000EB
:1035F00000001028448201000000000000000000CC
:10360000000001020408100000000000000000009B
:103610000000000000848484848484848484840082
:10362000000000000000000000000000000010206A
:103630004080000000000000000000000000018247
:1036400044281000000010080402010000000000DF
:1036500000C020201010101030E0C0000003030054
:1036600000F010080C070300000000001C1C1C00E8
:1036700000000000000000C0406020202040C0008A
:1036800000FCFF01F00E03C1FE03807F0001070E66
:1036900008111110110904020000000080E0E00090
:1036A000000000000000807C4340477FF88000005D
:1036B00010181F1000000000131F1C1020E0E02055
:1036C00020202060C080000000FFFF1010101018A4
:1036D0002FE78000101F1F1010101010180F070088
:1036E000000080C0402020202060E00000FCFF019E
:1036F00000000000000001000001070E181010106B
:103700000804030020E0E02020202040C0800000CA
:1037100000FFFF000000000001FFFE00101F1F104F
:10372000101018080E07010020E0E02020202020C3
:103730002060800000FFFF101010107C00000000CF
:10374000101F1F10101010101018060020E0E020AD
:10375000202020206060800000FFFF101010107CEF
:1037600000000100101F1F100000000000000000FA
:10377000000080C06020202040E0000000FCFF012D
:1037800000004040C0C140400001070E181010105A
:103790000F0F000020E0E0200000000020E0E0200B
:1037A00000FFFF101010101010FFFF00101F1F105F
:1037B00000000000101F1F100000202020E0E0206B
:1037C000202000000000000000FFFF0000000000BB
:1037D00000001010101F1F1010100000000000004B
:1037E000202020E0E020202000000000000000FF5A
:1037F000FF0000000060E0808080C07F3F0000008C
:1038000020E0E020000020A06020200000FFFF302A
:10381000187CE3C000000000101F1F1000000113FF
:103820001F1C181020E0E020000000000000000035
:1038300000FFFF000000000000000000101F1F102C
:10384000101010101018060020E0E0E0000000004A
:10385000E0E0E02000FF013FFEC0E01E01FFFF00AE
:10386000101F1000031F0300101F1F1020E0E0C0F6
:10387000000000000020E02000FF0003071C78E0AB
:103880008000FF00101F100000000000030F1F0049
:10389000000080C060202060C080000000FEFF01AA
:1038A0000000000000FFFE000001070E18101018B5
:1038B0000C07010020E0E0202020202060C08000D4
:1038C00000FFFF2020202020301F0F00101F1F109E
:1038D0000000000000000000000080C060202060A8
:1038E000C080000000FEFF010000000000FFFE009D
:1038F0000001070E1111133C7C67210020E0E0203D
:103900002020202060C0800000FFFF101030F0D089
:10391000080F0700101F1F10000000030F1C1010DD
:103920000080C060202020204040E00000070F0CF5
:103930001818303060E08100001F0C0810101010C3
:10394000180F07008060202020E0E0202020608009
:103950000100000000FFFF00000000010000000067
:10396000101F1F100000000020E0E02000000000F9
:103970000020E02000FFFF00000000000000FF002A
:1039800000070F1810101010100807002060E0E06A
:103990002000000020E060200000077FF880008009
:1039A0007C03000000000000071F1C07000000004F
:1039B00020E0E02000E0E0200020E0200007FFF809
:1039C000E01FFFFCE01F00000000031F0300011FB9
:1039D00003000000002060E0A0000020E060200064
:1039E000000000038F7CF8C6010000000010181EC4
:1039F000130001171F1810002060E0E020000000F5
:103A000020E06020000001073EF8E01807000000F9
:103A100000000010101F1F10100000000080602028
:103A2000202020A0E0E0200000000000C0F03E0FB9
:103A30000300000000101C1F1710101010180600C3
:103A40000000000000FC0404040404000000000066
:103A500000FF00000000000000000000007F404068
:103A600040404000000010E00000000000000000A6
:103A700000000000031C6080000000000000000047
:103A8000000000030C70800000000404040404FC27
:103A90000000000000000000000000FF0000000027
:103AA000000040404040407F000000000000001047
:103AB000080C040C081000000000000000000000CA
:103AC00000000000000000000000000000000000F6
:103AD00000000000000000000000000000000000E6
:103AE00000000000000000008080808080808080D6
:103AF00080808080000000040408080000000000AE
:103B000000000000000000000000000000000000B5
:103B100000000000000000000000000000000000A5
:103B200000000000000098D844642424FCF8000041
:103B3000000F1F18101010081F1F10180020E0F0B1
:103B400000000000000000000000FFFF180804044F
:103B50000CF8F00000001F0F18101010180F0300D1
:103B600000000000000000000000000000E0F81865
:103B70000404043C3800000000030F0C1010101067
:103B8000080600000000000000000020E0F0000037
:103B900000E0F81C04040408FFFF000000030F18F5
:103BA000101010081F0F08000000000000000000A7
:103BB000000000000000E0F8484444444C787000E5
:103BC0000000030F0C181010100804000000000083
:103BD00080C0602020E0C00000040404FFFF040453
:103BE00004040000000010101F1F1010100000003F
:103BF000000000000000000000000000000070F85D
:103C00008C04048CF874040C007076CF8D8D8D8933
:103C1000C87870000020E0F0000000000000000004
:103C20000000FFFF08040404FCF8000000101F1F40
:103C3000100000101F1F1000000000000060600056
:103C4000000000000000040404FCFC000000000070
:103C500000001010101F1F101010000000000000C6
:103C6000000000606000000000000000040404FC8C
:103C7000FC0000000000C0C08080C07F3F0000004A
:103C80000020E0F000000000000000000000FFFF46
:103C900080C0F41C0404000000101F1F1100031F4B
:103CA0001C1010000000202020E0F00000000000A8
:103CB0000000000000FFFF000000000000001010E6
:103CC000101F1F1010100000000000000000000076
:103CD0000000000004FCFC0804FCFC0804FCFC00E0
:103CE000101F1F10001F1F10001F1F1000000000DA
:103CF00000000000000000000004FCFC08080404B0
:103D0000FCF8000000101F1F100000101F1F100003
:103D100000000000000000000000000000E0F018BB
:103D20000C04040C18F0E00000030F0C101010102D
:103D30000C0F030000000000000000000000000065
:103D40000004FCFC080404040CF8F0000080FFFFF1
:103D5000889010101C0F03000000000000000000FD
:103D60000000000000E0F81C04040408F8FC000057
:103D700000030F1810109088FFFF80000000000063
:103D80000000000000000000040404FCFC10080413
:103D9000040C0C001010101F1F1010100000000069
:103DA000000000000000000000000000000030786B
:103DB000CCC48484840C1C0000001E181010101148
:103DC000190F06000000000000C000000000000005
:103DD00000040404FFFF04040400000000000000CD
:103DE0000F1F1010100C0000000000000000000069
:103DF000000000000004FCFE00000004FCFE0000C7
:103E000000000F1F181010081F0F0800000000000E
:103E1000000000000000000000040C3CFCC4000096
:103E2000C43C0C0400000000010F1E0E0100000045
:103E3000000000000000000000000000043CFCC482
:103E400000E47CFC84807C040000071F070000075E
:103E50001F0700000000000000000000000000003C
:103E60000004041C7CE4C0341C0404000010101C7A
:103E70001601131F1C1810000000000000000000B5
:103E80000000000000040C3CFCC400C43C0404001E
:103E90000000C080C1370E010000000000000000DB
:103EA000000000000000000000001C0404C4F47CBA
:103EB0001C0400000000101C1F17111010180E0029
:103EC00000000000000000F80C04000000000000EA
:103ED000001028EF00000000000000000000003F7C
:103EE00060400000000000000000FF000000000033
:103EF000000000000000FF000000000000000000C3
:103F00000000FF00000000000000040CF8000000AA
:103F10000000000000000000EF281000000000007A
:103F2000000040603F000000000000000018060292
:103F300002040810202030080000000000000000EB
:103F40000000000000000000000000000000000071
:103F500018010020494E4600696E66004E414E0031
:103F60006E616E0030313233343536373839616244
:103F70006364656600000000303132333435363713
:103F8000383941424344454600000000286E756CB4
:103F90006C2900003000000020202020202020205C
:103FA0002020202020202020303030303030303091
:103FB0003030303030303030202020202020202081
:103FC0002020202020202020303030303030303071
:103FD0003030303030303030002020202020202081
:103FE00020202828282828202020202020202020A9
:103FF00020202020202020202088101010101010B9
:104000001010101010101010100404040404040404
:10401000040404101010101010104141414141419E
:104020000101010101010101010101010101010180
:104030000101010110101010101042424242424290
:104040000202020202020202020202020202020250
:1040500002020202101010102000000000000000F8
:104060000000000000000000000000000000000050
:104070000000000000000000000000000000000040
:104080000000000000000000000000000000000030
:104090000000000000000000000000000000000020
:1040A0000000000000000000000000000000000010
:1040B0000000000000000000000000000000000000
:1040C00000000000000000000000000000000000F0
:1040D0000000000000000000000000004E614E00E3
:1040E000496E66696E6974790000000042616C6C0B
:1040F0006F63207375636365656465640000000029
:104100002F6D6E742F776F726B73706163652F778D
:104110006F726B73706163652F4743432D31302D90
:10412000706970656C696E652F6A656E6B696E7318
:104130002D4743432D31302D706970656C696E6574
:104140002D3333385F32303231313031385F3136F0
:1041500033343531363230332F7372632F6E6577D7
:104160006C69622F6E65776C69622F6C6962632F70
:104170007374646C69622F64746F612E6300000055
:104180002F6D6E742F776F726B73706163652F770D
:104190006F726B73706163652F4743432D31302D10
:1041A000706970656C696E652F6A656E6B696E7398
:1041B0002D4743432D31302D706970656C696E65F4
:1041C0002D3333385F32303231313031385F313670
:1041D00033343531363230332F7372632F6E657757
:1041E0006C69622F6E65776C69622F6C6962632FF0
:1041F0007374646C69622F6D707265632E63000066
:104200000080E03779C34143176E05B5B5B89346D2
:10421000F5F93FE9034F384D321D30F94877825A9E
:104220003CBF737FDD4F1575000000000000F03FBC
:104230000000000000002440000000000000594081
:104240000000000000408F40000000000088C340D4
:1042500000000000006AF8400000000080842E4149
:1042600000000000D01263410000000084D7974195
:104270000000000065CDCD41000000205FA002429B
:10428000000000E876483742000000A2941A6D4210
:10429000000040E59C30A2420000901EC4BCD64203
:1042A00000003426F56B0C430080E03779C34143AE
:1042B00000A0D8855734764300C84E676DC1AB4324
:1042C000003D9160E458E143408CB5781DAF154442
:1042D00050EFE2D6E41A4B4492D54D06CFF080441D
:1042E000F64AE1C7022DB544B49DD9794378EA4432
:1042F00005000000190000007D00000020202020A3
:10430000202020202020202020202020303030306D
:104310003030303030303030303030302C20667536
:104320006E6374696F6E3A200000000061737365FC
:104330007274696F6E2022257322206661696C6534
:10434000643A2066696C6520222573222C206C69F2
:104350006E65202564257325730A00004300000064
:10436000504F5349580000002E000000000000008C
:104370004FBB610567ACDD3F182D4454FB21E93F7D
:104380009BF681D20B73EF3F182D4454FB21F93F6C
:10439000E2652F227F2B7A3C075C143326A6813CF2
:1043A000BDCBF07A8807703C075C143326A6913C9D
:1043B000182D4454FB21E9BFD221337F7CD9024020
:1043C000D221337F7CD902C00000000000000080B1
:1043D000182D4454FB210940182D4454FB2109C0D9
:0843E000B8CEFE7F01000000D1
:0843E800F9C800080D020008ED
:0443F000E9010008D7
:1043F4000024F4000100000010000000010000008F
:104404000100000001000000E8180108DC180108A0
:104414000000000000000000000000000000000098
:104424000000000000000000000000000000000088
:1044340004190108000016436666663F0000000088
:104444000000000000000000000000000000000068
:1044540000000000000016439A99993F00000000F4
:104464000000000000000000000000000000000048
:1044740000000000000016436666663F000000006E
:104484000000000000000000000000000000000028
:1044940000000000000016439A99993F00000000B4
:1044A4000000000000000000000000000000000008
:1044B400000000003333333F00000000CDCCCC3D7E
:1044C40000000000000000009A99193F000000005D
:1044D400CDCCCC3D00000000000000003333333F5E
:1044E40000000000CDCCCC3D000000000000000026
:1044F4003333333F00000000CDCCCC3D000000003E
:104504000000000018010020000000000404002046
:104514006C040020D404002000000000000000000F
:104524000000000000000000000000000000000087
:104534000000000000000000000000000000000077
:104544000000000000000000000000000000000067
:104554000000000000000000000000000000000057
:104564000000000000000000000000000000000047
:104574000000000000000000000000000000000037
:104584000000000000000000000000000000000027
:104594000000000000000000000000000000000017
:1045A4000000000000000000000000000000000007
:1045B40001000000000000000E33CDAB34126DE6A4
:1045C400ECDE05000B00000000000000000000000D
:1045D40000000000000000000000000000000000D7
:1045E40000000000000000000000000000000000C7
:1045F40000000000000000000000000000000000B7
:1046040000000000000000000000000000000000A6
:104614000000000000000000000000000000000096
:104624000000000000000000000000000000000086
:104634000000000000000000000000000000000076
:104644000000000000000000000000000000000066
:104654000000000000000000000000000000000056
:104664000000000000000000000000000000000046
:104674000000000000000000000000000000000036
:104684000000000000000000000000000000000026
:104694000000000000000000000000000000000016
:1046A4000000000000000000000000000000000006
:1046B40000000000000000000000000000000000F6
:1046C40000000000000000000000000000000000E6
:1046D40000000000000000000000000000000000D6
:1046E40000000000000000000000000000000000C6
:1046F40000000000000000000000000000000000B6
:1047040000000000000000000000000000000000A5
:104714000000000000000000000000000000000095
:104724000000000000000000000000000000000085
:104734000000000000000000000000000000000075
:104744000000000000000000000000000000000065
:104754000000000000000000000000000000000055
:104764000000000000000000000000000000000045
:104774000000000000000000000000000000000035
:104784000000000000000000000000000000000025
:104794000000000000000000000000000000000015
:1047A4000000000000000000000000000000000005
:1047B40000000000000000000000000000000000F5
:1047C40000000000000000000000000000000000E5
:1047D40000000000000000000000000000000000D5
:1047E40000000000000000000000000000000000C5
:1047F40000000000000000000000000000000000B5
:1048040000000000000000000000000000000000A4
:104814000000000000000000000000000000000094
:104824000000000000000000000000000000000084
:104834000000000000000000000000000000000074
:104844000000000000000000000000000000000064
:104854000000000000000000000000000000000054
:104864000000000000000000000000000000000044
:104874000000000000000000000000000000000034
:104884000000000000000000000000000000000024
:104894000000000000000000000000000000000014
:1048A4000000000000000000000000000000000004
:1048B40000000000000000000000000000000000F4
:1048C40000000000000000000000000000000000E4
:1048D40000000000000000000000000000000000D4
:1048E40000000000000000000000000000000000C4
:1048F40000000000000000000000000000000000B4
:1049040000000000000000000000000000000000A3
:104914000000000000000000000000000000000093
:104924000000000000000000000000000000000083
:10493400C81500200000000000000000440500200D
:10494400440500204C0500204C050020540500209F
:10495400540500205C0500205C050020640500204F
:10496400640500206C0500206C05002074050020FF
:10497400740500207C0500207C05002084050020AF
:10498400840500208C0500208C050020940500205F
:10499400940500209C0500209C050020A40500200F
:1049A400A4050020AC050020AC050020B4050020BF
:1049B400B4050020BC050020BC050020C40500206F
:1049C400C4050020CC050020CC050020D40500201F
:1049D400D4050020DC050020DC050020E4050020CF
:1049E400E4050020EC050020EC050020F40500207F
:1049F400F4050020FC050020FC050020040600202E
:104A0400040600200C0600200C06002014060020DA
:104A1400140600201C0600201C060020240600208A
:104A2400240600202C0600202C060020340600203A
:104A3400340600203C0600203C06002044060020EA
:104A4400440600204C0600204C060020540600209A
:104A5400540600205C0600205C060020640600204A
:104A6400640600206C0600206C06002074060020FA
:104A7400740600207C0600207C06002084060020AA
:104A8400840600208C0600208C060020940600205A
:104A9400940600209C0600209C060020A40600200A
:104AA400A4060020AC060020AC060020B4060020BA
:104AB400B4060020BC060020BC060020C40600206A
:104AC400C4060020CC060020CC060020D40600201A
:104AD400D4060020DC060020DC060020E4060020CA
:104AE400E4060020EC060020EC060020F40600207A
:104AF400F4060020FC060020FC0600200407002029
:104B0400040700200C0700200C07002014070020D5
:104B1400140700201C0700201C0700202407002085
:104B2400240700202C0700202C0700203407002035
:104B3400340700203C0700203C07002044070020E5
:104B4400440700204C0700204C0700205407002095
:104B5400540700205C0700205C0700206407002045
:104B6400640700206C0700206C07002074070020F5
:104B7400740700207C0700207C07002084070020A5
:104B8400840700208C0700208C0700209407002055
:104B9400940700209C0700209C070020A407002005
:104BA400A4070020AC070020AC070020B4070020B5
:104BB400B4070020BC070020BC070020C407002065
:104BC400C4070020CC070020CC070020D407002015
:104BD400D4070020DC070020DC070020E4070020C5
:104BE400E4070020EC070020EC070020F407002075
:104BF400F4070020FC070020FC0700200408002024
:104C0400040800200C0800200C08002014080020D0
:104C1400140800201C0800201C0800202408002080
:104C2400240800202C0800202C0800203408002030
:104C3400340800203C0800203C08002044080020E0
:104C4400440800204C0800204C0800205408002090
:104C5400540800205C0800205C0800206408002040
:104C6400640800206C0800206C08002074080020F0
:104C7400740800207C0800207C08002084080020A0
:104C8400840800208C0800208C0800209408002050
:104C9400940800209C0800209C080020A408002000
:104CA400A4080020AC080020AC080020B4080020B0
:104CB400B4080020BC080020BC080020C408002060
:104CC400C4080020CC080020CC080020D408002010
:104CD400D4080020DC080020DC080020E4080020C0
:104CE400E4080020EC080020EC080020F408002070
:104CF400F4080020FC080020FC080020040900201F
:104D0400040900200C0900200C09002014090020CB
:104D1400140900201C0900201C090020240900207B
:104D2400240900202C0900202C090020340900202B
:104D3400340900203C0900203C090020FFFFFFFF4C
:104D4400000002004300000000000000000000001A
:104D5400000000000000000000000000000000004F
:104D640000000000430000000000000000000000FC
:104D7400000000000000000000000000000000002F
:104D840000000000430000000000000000000000DC
:104D9400000000000000000000000000000000000F
:104DA40000000000430000000000000000000000BC
:104DB40000000000000000000000000000000000EF
:104DC400000000004300000000000000000000009C
:104DD40000000000000000000000000000000000CF
:104DE400000000004300000000000000000000007C
:104DF40000000000000000000000000000000000AF
:104E0400000000004300000000000000000000005B
:104E1400000000000000000000000000000000008E
:104E240000000000610B01081D0A010800000000D9
:104E3400D83F010868430108E4170108E417010892
:104E4400E4170108E4170108E4170108E41701084E
:104E5400E4170108E4170108E4170108FFFFFFFF46
:104E6400FFFFFFFFFFFFFFFFFFFF000001004153B3
:104E74004349490000000000000000000000000059
:104E8400000000000000000000000000000041538A
:104E94004349490000000000000000000000000039
:104EA40000000000000000000000000000000000FE
:0400000508002CDDE6
:00000001FF
